date,open,high,low,close
2021-08-27,129.32000732421875,129.7270050048828,129.14999389648438,129.32000732421875
2021-08-30,129.5989990234375,129.6840057373047,129.47000122070312,129.61399841308594
2021-08-31,129.68600463867188,130.16400146484375,129.5800018310547,129.6909942626953
2021-09-01,129.97799682617188,130.44200134277344,129.97000122070312,129.9720001220703
2021-09-02,130.3820037841797,130.56300354003906,130.1300048828125,130.36000061035156
2021-09-03,130.54299926757812,130.73800659179688,130.1999969482422,130.52999877929688
2021-09-06,130.4739990234375,130.49600219726562,130.24000549316406,130.45700073242188
2021-09-07,130.39199829101562,130.593994140625,130.29200744628906,130.3979949951172
2021-09-08,130.6219940185547,130.68699645996094,130.1699981689453,130.62399291992188
2021-09-09,130.22000122070312,130.28700256347656,129.6699981689453,130.27000427246094
2021-09-10,129.78700256347656,130.27000427246094,129.677001953125,129.78500366210938
2021-09-13,129.82200622558594,129.94200134277344,129.5800018310547,129.8300018310547
2021-09-14,129.90499877929688,130.1820068359375,129.5800018310547,129.89599609375
2021-09-15,129.48500061035156,129.5,129.0489959716797,129.4969940185547
2021-09-16,129.29100036621094,129.33999633789062,128.58999633789062,129.28199768066406
2021-09-17,129.03799438476562,129.65899658203125,128.9199981689453,129.05299377441406
2021-09-20,128.97999572753906,129.01499938964844,128.14100646972656,128.99000549316406
2021-09-21,128.31300354003906,128.67799377441406,127.9990005493164,128.3350067138672
2021-09-22,127.96199798583984,128.68699645996094,127.91999816894531,127.94000244140625
2021-09-23,128.3470001220703,129.3990020751953,128.33999633789062,128.3489990234375
2021-09-24,129.5330047607422,129.7469940185547,129.38800048828125,129.5189971923828
2021-09-27,129.81700134277344,129.9219970703125,129.47999572753906,129.84100341796875
2021-09-28,129.76800537109375,130.3459930419922,129.66799926757812,129.77499389648438
2021-09-29,130.31399536132812,130.45899963378906,129.68699645996094,130.33200073242188
2021-09-30,129.83900451660156,129.9510040283203,129.0,129.86099243164062
2021-10-01,129.0030059814453,129.0260009765625,128.54600524902344,129.00100708007812
2021-10-04,128.7949981689453,129.37399291992188,128.66000366210938,128.7689971923828
2021-10-05,128.89700317382812,129.3800048828125,128.75999450683594,128.9029998779297
2021-10-06,129.30499267578125,129.4949951171875,128.34300231933594,129.27099609375
2021-10-07,128.72999572753906,128.96200561523438,128.6300048828125,128.73699951171875
2021-10-08,129.0780029296875,129.8000030517578,128.99000549316406,129.0500030517578
2021-10-11,129.82000732421875,131.19400024414062,129.82000732421875,129.84500122070312
2021-10-12,131.01600646972656,131.25999450683594,130.75399780273438,131.00100708007812
2021-10-13,130.91099548339844,131.35499572753906,130.8699951171875,130.90699768066406
2021-10-14,131.38499450683594,131.78900146484375,131.3780059814453,131.38600158691406
2021-10-15,131.93800354003906,132.76499938964844,131.9239959716797,131.93099975585938
2021-10-18,132.54400634765625,132.6790008544922,132.13999938964844,132.55999755859375
2021-10-19,132.75,133.1739959716797,132.6269989013672,132.7220001220703
2021-10-20,133.2352294921875,133.468994140625,132.7480010986328,133.2100067138672
2021-10-21,133.2779998779297,133.36099243164062,132.38900756835938,133.2899932861328
2021-10-22,132.35446166992188,132.781005859375,132.03900146484375,132.34800720214844
2021-10-25,132.2790069580078,132.5989990234375,131.86000061035156,132.27000427246094
2021-10-26,132.06100463867188,132.66400146484375,131.9600067138672,132.06900024414062
2021-10-27,132.41600036621094,132.49600219726562,131.58999633789062,132.406005859375
2021-10-28,131.95399475097656,132.4980010986328,131.55999755859375,131.9720001220703
2021-10-29,132.77200317382812,132.8979949951172,131.6840057373047,132.72300720214844
2021-11-01,132.0260009765625,132.41600036621094,131.77999877929688,132.01100158691406
2021-11-02,132.35499572753906,132.35499572753906,131.47799682617188,132.343994140625
2021-11-03,131.96099853515625,132.14999389648438,131.75900268554688,131.9600067138672
2021-11-04,132.49099731445312,132.55599975585938,131.0,132.49600219726562
2021-11-05,131.5229949951172,131.5709991455078,130.80999755859375,131.52499389648438
2021-11-08,131.2469940185547,131.427001953125,130.8990020751953,131.26400756835938
2021-11-09,131.22900390625,131.24099731445312,130.68699645996094,131.23800659179688
2021-11-10,130.9010009765625,131.39700317382812,130.63999938964844,130.90699768066406
2021-11-11,130.8459930419922,130.99400329589844,130.4499969482422,130.82400512695312
2021-11-12,130.52000427246094,130.7519989013672,130.26400756835938,130.55099487304688
2021-11-15,130.42300415039062,130.58799743652344,130.07000732421875,130.406005859375
2021-11-16,129.7310028076172,130.0989990234375,129.6580047607422,129.69000244140625
2021-11-17,130.03399658203125,130.0590057373047,129.3939971923828,130.0469970703125
2021-11-18,129.25399780273438,129.802001953125,129.08599853515625,129.23699951171875
2021-11-19,129.94700622558594,129.9720001220703,127.9990005493164,129.91900634765625
2021-11-22,128.6929931640625,129.30499267578125,128.55999755859375,128.68899536132812
2021-11-23,129.05499267578125,129.593994140625,128.97000122070312,129.0399932861328
2021-11-24,129.47900390625,129.54400634765625,128.76499938964844,129.4669952392578
2021-11-25,129.3090057373047,129.51300048828125,129.24000549316406,129.2830047607422
2021-11-26,129.01199340820312,129.05099487304688,127.92500305175781,128.98599243164062
2021-11-29,128.3730010986328,128.54800415039062,127.53099822998047,128.41099548339844
2021-11-30,128.5260009765625,128.55999755859375,127.66899871826172,128.51300048828125
2021-12-01,128.3260040283203,128.7790069580078,127.70999908447266,128.36599731445312
2021-12-02,127.75700378417969,128.20799255371094,127.7030029296875,127.7750015258789
2021-12-03,127.79199981689453,128.3280029296875,127.59700012207031,127.77999877929688
2021-12-06,127.7239990234375,128.00599670410156,127.51000213623047,127.78299713134766
2021-12-07,128.02000427246094,128.46099853515625,127.625,128.0290069580078
2021-12-08,127.96399688720703,129.08999633789062,127.82499694824219,127.95999908447266
2021-12-09,128.9929962158203,129.06300354003906,127.93000030517578,128.95899963378906
2021-12-10,128.13999938964844,128.3730010986328,127.83899688720703,128.11000061035156
2021-12-13,128.38600158691406,128.4340057373047,128.01199340820312,128.3820037841797
2021-12-14,128.14300537109375,128.55099487304688,128.02000427246094,128.1199951171875
2021-12-15,128.03900146484375,128.33900451660156,128.0,128.04600524902344
2021-12-16,128.9029998779297,129.625,128.4600067138672,128.8730010986328
2021-12-17,128.85299682617188,128.9770050048828,127.9800033569336,128.81900024414062
2021-12-20,127.6510009765625,128.29299926757812,127.5,127.62100219726562
2021-12-21,128.16299438476562,128.63900756835938,128.052001953125,128.1750030517578
2021-12-22,128.69200134277344,129.48800659179688,128.5500030517578,128.66099548339844
2021-12-23,129.25999450683594,129.5570068359375,129.0590057373047,129.25999450683594
2021-12-24,129.5850067138672,129.7449951171875,129.31100463867188,129.63499450683594
2021-12-27,129.46099853515625,130.1300048828125,129.375,129.45899963378906
2021-12-28,130.04600524902344,130.21099853515625,129.6199951171875,130.04800415039062
2021-12-29,129.83399963378906,130.55799865722656,129.64999389648438,129.8699951171875
2021-12-30,130.58299255371094,130.58299255371094,130.11000061035156,130.5800018310547
2021-12-31,130.2859649658203,130.98899841308594,130.14999389648438,130.2760009765625
2022-01-03,130.9409942626953,130.99000549316406,130.0399932861328,130.9429931640625
2022-01-04,130.3280029296875,131.43299865722656,130.3280029296875,130.34500122070312
2022-01-05,131.0659942626953,131.4010009765625,130.8560028076172,131.07200622558594
2022-01-06,131.3470001220703,131.41700744628906,130.64300537109375,131.3459930419922
2022-01-07,130.8820037841797,131.29299926757812,130.81199645996094,130.86700439453125
2022-01-10,131.26199340820312,131.3300018310547,130.16900634765625,131.26400756835938
2022-01-11,130.6179962158203,131.18099975585938,130.52000427246094,130.61000061035156
2022-01-12,131.09800720214844,131.44900512695312,130.94000244140625,131.08599853515625
2022-01-13,131.18299865722656,131.42300415039062,130.63999938964844,131.1699981689453
2022-01-14,130.6999969482422,130.7729949951172,129.822998046875,130.73899841308594
2022-01-17,130.4290008544922,130.81700134277344,130.3300018310547,130.41900634765625
2022-01-18,130.72300720214844,131.16400146484375,129.8300018310547,130.72300720214844
2022-01-19,129.78700256347656,129.968994140625,129.39300537109375,129.7779998779297
2022-01-20,129.7010040283203,130.07899475097656,129.24000549316406,129.69000244140625
2022-01-21,128.9250030517578,129.29400634765625,128.5570068359375,128.95799255371094
2022-01-24,129.03599548339844,129.14700317382812,128.3979949951172,129.04200744628906
2022-01-25,129.10400390625,129.10400390625,128.25999450683594,129.10000610351562
2022-01-26,128.73199462890625,129.1009979248047,128.6020050048828,128.69000244140625
2022-01-27,128.9459991455078,129.0019989013672,128.43699645996094,128.9510040283203
2022-01-28,128.58599853515625,128.84100341796875,128.4530029296875,128.5500030517578
2022-01-31,128.49899291992188,129.3520050048828,128.47799682617188,128.53700256347656
2022-02-01,129.2899932861328,129.5279998779297,128.9530029296875,129.2729949951172
2022-02-02,129.32400512695312,129.46200561523438,129.0399932861328,129.32000732421875
2022-02-03,129.22900390625,131.48399353027344,129.1699981689453,129.24400329589844
2022-02-04,131.45799255371094,131.98800659179688,131.4499969482422,131.4530029296875
2022-02-07,131.9969940185547,131.9969940185547,131.25,131.97799682617188
2022-02-08,131.61000061035156,132.02000427246094,131.4600067138672,131.6479949951172
2022-02-09,131.96200561523438,132.13900756835938,131.61700439453125,131.94700622558594
2022-02-10,132.0260009765625,133.125,131.83999633789062,132.02200317382812
2022-02-11,132.4250030517578,132.42799377441406,131.83799743652344,132.4459991455078
2022-02-14,131.32699584960938,131.32699584960938,130.0659942626953,131.3489990234375
2022-02-15,130.6219940185547,131.52499389648438,130.44700622558594,130.6219940185547
2022-02-16,131.31100463867188,131.8769989013672,131.11000061035156,131.322998046875
2022-02-17,131.22999572753906,131.48899841308594,130.4219970703125,131.23800659179688
2022-02-18,130.51499938964844,131.09300231933594,130.23599243164062,130.552001953125
2022-02-21,130.09300231933594,130.81300354003906,129.99099731445312,130.0989990234375
2022-02-22,129.58399963378906,130.75900268554688,129.38400268554688,129.61399841308594
2022-02-23,130.41099548339844,130.68099975585938,130.0989990234375,130.39199829101562
2022-02-24,129.91200256347656,129.98699951171875,127.9000015258789,129.8939971923828
2022-02-25,129.2989959716797,130.20700073242188,128.73399353027344,129.32200622558594
2022-02-28,129.21800231933594,129.74899291992188,128.69500732421875,129.218994140625
2022-03-01,129.05599975585938,129.23899841308594,127.53800201416016,129.0590057373047
2022-03-02,127.7969970703125,128.73199462890625,127.33599853515625,127.84500122070312
2022-03-03,128.35699462890625,128.48699951171875,127.61000061035156,128.35800170898438
2022-03-04,127.78399658203125,127.78399658203125,125.0719985961914,127.79399871826172
2022-03-07,124.96299743652344,125.927001953125,124.40899658203125,124.99320220947266
2022-03-08,125.35900115966797,126.33499908447266,125.22899627685547,125.3479995727539
2022-03-09,126.16000366210938,128.4080047607422,126.12999725341797,126.10800170898438
2022-03-10,128.343994140625,128.81399536132812,127.42900085449219,128.3489990234375
2022-03-11,127.90799713134766,129.0030059814453,127.7030029296875,127.95099639892578
2022-03-14,128.4550018310547,129.56700134277344,128.32899475097656,128.4770050048828
2022-03-15,129.38900756835938,130.01199340820312,129.35000610351562,129.35899353027344
2022-03-16,129.75,130.56199645996094,129.61700439453125,129.7550048828125
2022-03-17,131.03900146484375,131.63999938964844,130.73899841308594,131.01400756835938
2022-03-18,131.4980010986328,131.8800048828125,131.2100067138672,131.51100158691406
2022-03-21,131.68479919433594,131.95899963378906,131.39300537109375,131.69500732421875
2022-03-22,131.74200439453125,133.28199768066406,131.71600341796875,131.7469940185547
2022-03-23,133.75,133.7689971923828,132.3350067138672,133.82699584960938
2022-03-24,133.31900024414062,134.36900329589844,132.96499633789062,133.3070068359375
2022-03-25,134.68800354003906,134.68800354003906,133.75399780273438,134.68800354003906
2022-03-28,134.26800537109375,137.48699951171875,134.05499267578125,134.26800537109375
2022-03-29,135.94500732421875,137.26800537109375,135.35899353027344,135.94500732421875
2022-03-30,136.55499267578125,136.49200439453125,134.89199829101562,136.55499267578125
2022-03-31,136.18699645996094,136.80299377441406,134.68499755859375,136.18699645996094
2022-04-01,134.80299377441406,135.843994140625,134.77699279785156,134.80299377441406
2022-04-04,135.40499877929688,135.66200256347656,134.76300048828125,135.40499877929688
2022-04-05,134.77000427246094,135.1020050048828,134.2899932861328,134.77000427246094
2022-04-06,134.8560028076172,135.46099853515625,134.75799560546875,134.8560028076172
2022-04-07,134.82899475097656,135.48199462890625,134.4600067138672,134.82899475097656
2022-04-08,134.81700134277344,135.3040008544922,134.36000061035156,134.81700134277344
2022-04-11,135.3800048828125,137.09300231933594,135.29800415039062,135.3800048828125
2022-04-12,136.47999572753906,136.61399841308594,135.8719940185547,136.47999572753906
2022-04-13,135.76699829101562,136.74099731445312,135.7259979248047,135.76699829101562
2022-04-14,136.60699462890625,136.9320068359375,135.5279998779297,136.60699462890625
2022-04-15,136.52999877929688,136.87899780273438,136.37600708007812,136.52999877929688
2022-04-18,136.9320068359375,137.00100708007812,136.47000122070312,136.9320068359375
2022-04-19,137.02999877929688,139.0399932861328,136.99000549316406,137.02999877929688
2022-04-20,139.60000610351562,139.65899658203125,138.40699768066406,139.60000610351562
2022-04-21,138.88400268554688,139.98399353027344,138.8459930419922,138.88400268554688
2022-04-22,139.12600708007812,139.46600341796875,138.2790069580078,139.12600708007812
2022-04-25,139.0279998779297,139.1479949951172,136.48399353027344,139.0279998779297
2022-04-26,136.86700439453125,137.5240020751953,135.3990020751953,136.86700439453125
2022-04-27,135.4499969482422,136.1179962158203,134.802001953125,135.4499969482422
2022-04-28,135.5279998779297,137.95199584960938,135.44200134277344,135.5279998779297
2022-04-29,137.39100646972656,137.9720001220703,136.625,137.39100646972656
2022-05-02,136.9709930419922,137.63400268554688,136.55799865722656,136.9709930419922
2022-05-03,136.7519989013672,137.3520050048828,136.57000732421875,136.7519989013672
2022-05-04,136.9600067138672,137.27099609375,136.73800659179688,136.9600067138672
2022-05-05,137.2480010986328,137.56500244140625,136.86000061035156,137.2480010986328
2022-05-06,137.36700439453125,138.14100646972656,136.7689971923828,137.36700439453125
2022-05-09,137.697998046875,138.3179931640625,137.0780029296875,137.697998046875
2022-05-10,137.7429962158203,138.0590057373047,137.03700256347656,137.7429962158203
2022-05-11,137.25999450683594,137.6580047607422,136.76499938964844,137.25999450683594
2022-05-12,136.48300170898438,136.73199462890625,132.7480010986328,136.48300170898438
2022-05-13,133.45799255371094,134.61500549316406,133.21099853515625,133.45799255371094
2022-05-16,134.60299682617188,135.04200744628906,133.75599670410156,134.60299682617188
2022-05-17,134.572998046875,136.67599487304688,134.57400512695312,134.572998046875
2022-05-18,136.5399932861328,136.65699768066406,134.53700256347656,136.5399932861328
2022-05-19,133.95199584960938,135.43800354003906,133.94900512695312,133.95199584960938
2022-05-20,135.2209930419922,135.7740020751953,134.75399780273438,135.2209930419922
2022-05-23,135.18299865722656,136.57200622558594,134.66000366210938,135.18299865722656
2022-05-24,136.5590057373047,136.7469940185547,135.58099365234375,136.5590057373047
2022-05-25,136.06199645996094,136.2030029296875,135.0229949951172,136.06199645996094
2022-05-26,135.8719940185547,136.61700439453125,135.2310028076172,135.8719940185547
2022-05-27,136.33999633789062,136.68699645996094,135.8509979248047,136.33999633789062
2022-05-30,136.58799743652344,137.6529998779297,136.25999450683594,136.58799743652344
2022-05-31,137.66000366210938,138.0070037841797,136.8459930419922,137.66000366210938
2022-06-01,138.1840057373047,138.9459991455078,138.19700622558594,138.1840057373047
2022-06-02,138.58399963378906,139.3679962158203,138.39999389648438,138.58399963378906
2022-06-03,139.66799926757812,140.29600524902344,139.47799682617188,139.66799926757812
2022-06-06,140.18899536132812,140.8179931640625,139.86599731445312,140.18899536132812
2022-06-07,141.3040008544922,142.0449981689453,141.20799255371094,141.3040008544922
2022-06-08,142.10400390625,144.218994140625,141.97000122070312,142.10400390625
2022-06-09,144.07000732421875,144.1739959716797,142.58200073242188,144.07000732421875
2022-06-10,142.72999572753906,142.69400024414062,140.8300018310547,142.72999572753906
2022-06-13,141.40499877929688,141.71400451660156,139.39199829101562,141.40499877929688
2022-06-14,139.79200744628906,140.76499938964844,139.51600646972656,139.79200744628906
2022-06-15,141.21499633789062,141.4720001220703,139.6739959716797,141.21499633789062
2022-06-16,140.218994140625,140.58599853515625,137.89999389648438,140.218994140625
2022-06-17,139.66400146484375,141.9409942626953,139.4510040283203,139.66400146484375
2022-06-20,141.9149932861328,142.3159942626953,141.47500610351562,141.9149932861328
2022-06-21,142.10699462890625,143.86199951171875,141.9600067138672,142.10699462890625
2022-06-22,143.51800537109375,144.06500244140625,142.6790008544922,143.51800537109375
2022-06-23,143.67999267578125,143.96499633789062,141.42300415039062,143.67999267578125
2022-06-24,141.8459930419922,142.71400451660156,141.4459991455078,141.8459930419922
2022-06-27,142.697998046875,143.4669952392578,142.09500122070312,142.697998046875
2022-06-28,143.29400634765625,144.20799255371094,142.8800048828125,143.29400634765625
2022-06-29,143.1580047607422,143.8260040283203,142.47000122070312,143.1580047607422
2022-06-30,142.677001953125,142.8470001220703,141.3800048828125,142.677001953125
2022-07-01,142.26400756835938,142.4149932861328,139.82000732421875,142.26400756835938
2022-07-04,140.8939971923828,141.64100646972656,140.61700439453125,140.8939971923828
2022-07-05,141.71600341796875,142.35800170898438,138.95899963378906,141.71600341796875
2022-07-06,139.00799560546875,139.3719940185547,137.28399658203125,139.00799560546875
2022-07-07,138.4499969482422,139.00799560546875,138.00999450683594,138.4499969482422
2022-07-08,138.18699645996094,138.68699645996094,136.92599487304688,138.18699645996094
2022-07-11,138.55599975585938,139.1540069580078,138.20700073242188,138.55599975585938
2022-07-12,138.00999450683594,138.04100036621094,137.02999877929688,138.00999450683594
2022-07-13,137.14500427246094,138.7740020751953,137.18099975585938,137.14500427246094
2022-07-14,138.0780029296875,139.72900390625,138.0,138.0780029296875
2022-07-15,139.32899475097656,139.8780059814453,138.75900268554688,139.32899475097656
2022-07-18,139.63600158691406,140.77200317382812,139.38999938964844,139.63600158691406
2022-07-19,140.22900390625,141.36300659179688,139.72999572753906,140.22900390625
2022-07-20,141.38400268554688,141.9149932861328,140.63499450683594,141.38400268554688
2022-07-21,140.91600036621094,142.27699279785156,140.4409942626953,140.91600036621094
2022-07-22,140.12600708007812,140.67799377441406,139.00900268554688,140.12600708007812
2022-07-25,139.03199768066406,140.05499267578125,138.7570037841797,139.03199768066406
2022-07-26,139.46800231933594,139.82000732421875,138.156005859375,139.46800231933594
2022-07-27,138.73500061035156,139.0709991455078,138.4510040283203,138.73500061035156
2022-07-28,138.91099548339844,139.00399780273438,136.38800048828125,138.91099548339844
2022-07-29,136.97300720214844,137.2969970703125,135.5590057373047,136.97300720214844
2022-08-01,136.15499877929688,136.17799377441406,135.0229949951172,136.15499877929688
2022-08-02,135.0019989013672,134.9759979248047,133.41600036621094,135.0019989013672
2022-08-03,135.44400024414062,136.40899658203125,134.85800170898438,135.44400024414062
2022-08-04,136.06199645996094,136.9080047607422,135.6479949951172,136.06199645996094
2022-08-05,135.8990020751953,137.7050018310547,135.87600708007812,135.8990020751953
2022-08-08,137.35800170898438,137.91200256347656,137.14199829101562,137.35800170898438
2022-08-09,137.4949951171875,138.2899932861328,137.2550048828125,137.4949951171875
2022-08-10,138.01300048828125,138.38699340820312,136.6280059814453,138.01300048828125
2022-08-11,136.8070068359375,137.24899291992188,136.33599853515625,136.8070068359375
2022-08-12,137.25399780273438,137.67999267578125,136.89700317382812,137.25399780273438
2022-08-15,136.67799377441406,136.78399658203125,135.281005859375,136.67799377441406
2022-08-16,135.31121826171875,136.9010009765625,134.95399475097656,135.31121826171875
2022-08-17,136.57200622558594,137.86399841308594,136.28599548339844,136.57200622558594
2022-08-18,137.32899475097656,137.63299560546875,136.5919952392578,137.32899475097656
2022-08-19,137.01199340820312,137.9510040283203,137.0590057373047,137.01199340820312
2022-08-22,137.51499938964844,137.94000244140625,136.6300048828125,137.51499938964844
2022-08-23,136.6999969482422,137.0449981689453,135.80999755859375,136.6999969482422
2022-08-24,136.27699279785156,136.7270050048828,135.54299926757812,136.27699279785156
2022-08-25,136.63999938964844,136.9530029296875,136.0240020751953,136.63999938964844
2022-08-26,136.16600036621094,137.93699645996094,136.1199951171875,136.16600036621094
2022-08-29,137.30099487304688,138.81900024414062,137.25799560546875,137.30099487304688
2022-08-30,138.7310028076172,139.09300231933594,138.26300048828125,138.7310028076172
2022-08-31,139.07000732421875,139.65899658203125,138.29800415039062,139.07000732421875
2022-09-01,139.83200073242188,139.98899841308594,138.96200561523438,139.83200073242188
2022-09-02,139.4040069580078,140.72300720214844,139.26199340820312,139.4040069580078
2022-09-05,139.20399475097656,139.6199951171875,138.69400024414062,139.20399475097656
2022-09-06,139.72799682617188,141.70799255371094,139.60299682617188,139.72799682617188
2022-09-07,141.6790008544922,143.79100036621094,141.4320068359375,141.6790008544922
2022-09-08,144.05599975585938,144.2790069580078,143.2209930419922,144.05599975585938
2022-09-09,143.99000549316406,144.71499633789062,142.68299865722656,143.99000549316406
2022-09-12,143.60499572753906,145.61000061035156,143.47999572753906,143.60499572753906
2022-09-13,144.4239959716797,144.99400329589844,144.14300537109375,144.4239959716797
2022-09-14,144.10499572753906,144.44500732421875,142.31700134277344,144.10499572753906
2022-09-15,142.6699981689453,143.5659942626953,142.5970001220703,142.6699981689453
2022-09-16,143.19000244140625,143.50599670410156,142.51499938964844,143.19000244140625
2022-09-19,143.0760040283203,143.5260009765625,142.81199645996094,143.0760040283203
2022-09-20,143.63699340820312,144.0189971923828,143.03500366210938,143.63699340820312
2022-09-21,143.17747497558594,143.5760040283203,141.9770050048828,143.17747497558594
2022-09-22,141.8730010986328,143.68299865722656,138.7449951171875,141.8730010986328
2022-09-23,139.99899291992188,140.04400634765625,138.92300415039062,139.99899291992188
2022-09-26,139.00100708007812,139.49400329589844,137.8730010986328,139.00100708007812
2022-09-27,139.0030059814453,139.5240020751953,138.72999572753906,139.0030059814453
2022-09-28,138.83299255371094,139.66900634765625,138.05999755859375,138.83299255371094
2022-09-29,140.1739959716797,141.38600158691406,139.4600067138672,140.1739959716797
2022-09-30,141.96200561523438,142.2100067138672,140.7899932861328,141.96200561523438
2022-10-03,141.80499267578125,142.43899536132812,141.3780059814453,141.80499267578125
2022-10-04,142.08299255371094,144.06500244140625,142.00999450683594,142.08299255371094
2022-10-05,143.5540008544922,144.06500244140625,142.43299865722656,143.5540008544922
2022-10-06,143.1479949951172,143.451904296875,141.96200561523438,143.1479949951172
2022-10-07,141.9709930419922,142.20599365234375,141.3300018310547,141.9709930419922
2022-10-10,141.61700439453125,141.781005859375,140.9010009765625,141.61700439453125
2022-10-11,141.44200134277344,142.0330047607422,141.01800537109375,141.44200134277344
2022-10-12,141.49099731445312,142.61199951171875,141.5279998779297,141.49099731445312
2022-10-13,142.4429931640625,143.96499633789062,141.89700317382812,142.4429931640625
2022-10-14,143.88999938964844,144.8070068359375,143.5,143.88999938964844
2022-10-17,144.7480010986328,146.42999267578125,144.61199951171875,144.7480010986328
2022-10-18,146.63600158691406,147.08999633789062,146.2570037841797,146.63600158691406
2022-10-19,147.1699981689453,147.177001953125,146.1009979248047,147.1699981689453
2022-10-20,146.31199645996094,147.2760009765625,146.2570037841797,146.31199645996094
2022-10-21,146.8419952392578,148.36199951171875,144.13999938964844,146.8419952392578
2022-10-24,145.72799682617188,147.1649932861328,145.7239990234375,145.72799682617188
2022-10-25,147.1790008544922,147.39500427246094,146.7100067138672,147.1790008544922
2022-10-26,147.43099975585938,147.6719970703125,146.96499633789062,147.43099975585938
2022-10-27,147.46400451660156,147.43299865722656,145.5679931640625,147.46400451660156
2022-10-28,145.79299926757812,147.3350067138672,145.74899291992188,145.79299926757812
2022-10-31,147.13800048828125,147.73199462890625,146.8419952392578,147.13800048828125
2022-11-01,147.02999877929688,147.0959930419922,146.052001953125,147.02999877929688
2022-11-02,146.12399291992188,146.19000244140625,145.03799438476562,146.12399291992188
2022-11-03,145.12600708007812,145.11900329589844,144.0399932861328,145.12600708007812
2022-11-04,144.66200256347656,145.78700256347656,144.24200439453125,144.66200256347656
2022-11-07,145.78500366210938,146.78700256347656,145.87399291992188,145.78500366210938
2022-11-08,146.88600158691406,146.97500610351562,146.02499389648438,146.88600158691406
2022-11-09,146.45599365234375,146.98399353027344,146.31199645996094,146.45599365234375
2022-11-10,146.468994140625,146.73599243164062,143.99400329589844,146.468994140625
2022-11-11,144.44200134277344,144.98199462890625,142.6790008544922,144.44200134277344
2022-11-14,144.1280059814453,145.21200561523438,143.47000122070312,144.1280059814453
2022-11-15,144.58099365234375,145.3419952392578,144.29400634765625,144.58099365234375
2022-11-16,143.9290008544922,145.49200439453125,143.85899353027344,143.9290008544922
2022-11-17,144.8000030517578,145.3159942626953,144.46600341796875,144.8000030517578
2022-11-18,145.4810028076172,145.52999877929688,144.56700134277344,145.4810028076172
2022-11-21,144.8887176513672,145.45700073242188,144.33999633789062,144.8887176513672
2022-11-22,145.5749969482422,145.69200134277344,144.8979949951172,145.5749969482422
2022-11-23,145.54400634765625,146.1269989013672,144.64300537109375,145.54400634765625
2022-11-24,145.0659942626953,145.18499755859375,143.66900634765625,145.0659942626953
2022-11-25,144.24899291992188,145.13800048828125,144.1280059814453,144.24899291992188
2022-11-28,144.38999938964844,144.97999572753906,143.0590057373047,144.58999633789062
2022-11-29,143.47799682617188,144.00999450683594,143.02499389648438,143.47799682617188
2022-11-30,143.23599243164062,144.81100463867188,143.1999969482422,143.23599243164062
2022-12-01,143.16299438476562,143.3459930419922,141.9429931640625,143.16299438476562
2022-12-02,142.28399658203125,142.43499755859375,140.78199768066406,142.28399658203125
2022-12-05,141.78199768066406,143.58700561523438,141.76400756835938,141.78199768066406
2022-12-06,143.43299865722656,143.9929962158203,143.11900329589844,143.43299865722656
2022-12-07,143.28399658203125,144.5659942626953,143.16900634765625,143.28399658203125
2022-12-08,143.3730010986328,144.11199951171875,143.2779998779297,143.3730010986328
2022-12-09,144.22300720214844,144.45599365234375,143.1909942626953,144.22300720214844
2022-12-12,143.83900451660156,145.06300354003906,143.72999572753906,143.83900451660156
2022-12-13,144.9499969482422,145.33200073242188,143.60299682617188,144.94400024414062
2022-12-14,144.0679931640625,144.24000549316406,143.5449981689453,144.0679931640625
2022-12-15,144.49899291992188,146.7050018310547,144.30099487304688,144.49899291992188
2022-12-16,146.55140686035156,146.55299377441406,144.76400756835938,146.55140686035156
2022-12-19,144.54400634765625,145.4759979248047,144.02200317382812,144.54400634765625
2022-12-20,145.36300659179688,145.71099853515625,139.27499389648438,145.36300659179688
2022-12-21,140.1280059814453,140.71299743652344,139.68299865722656,140.1280059814453
2022-12-22,140.38999938964844,140.63900756835938,139.96499633789062,140.38999938964844
2022-12-23,140.28399658203125,141.2050018310547,140.18699645996094,140.28399658203125
2022-12-26,140.8800048828125,141.56588745117188,140.36000061035156,140.94000244140625
2022-12-27,141.25,142.25,141.13900756835938,141.25
2022-12-28,141.9759979248047,142.93299865722656,141.97900390625,141.9759979248047
2022-12-29,142.45599365234375,142.56500244140625,141.58399963378906,142.45599365234375
2022-12-30,141.69400024414062,141.7270050048828,140.3699951171875,141.69400024414062
2023-01-02,140.30999755859375,140.30999755859375,139.25999450683594,140.30999755859375
2023-01-03,139.6490020751953,139.71400451660156,137.40499877929688,139.6490020751953
2023-01-04,138.40899658203125,140.2209930419922,137.88699340820312,138.40899658203125
2023-01-05,140.25399780273438,141.29200744628906,139.98599243164062,140.25399780273438
2023-01-06,140.25999450683594,141.4239959716797,140.26800537109375,140.25999450683594
2023-01-09,140.5070037841797,141.87399291992188,140.17799377441406,140.5070037841797
2023-01-10,141.3730010986328,142.01600646972656,141.12399291992188,141.3730010986328
2023-01-11,141.8520050048828,142.8419952392578,141.8459930419922,141.8520050048828
2023-01-12,141.99200439453125,142.10899353027344,140.16200256347656,141.99200439453125
2023-01-13,140.27499389648438,140.3249969482422,138.01699829101562,140.27499389648438
2023-01-16,138.5780029296875,139.2220001220703,138.23399353027344,138.5780029296875
2023-01-17,138.9600067138672,139.5959930419922,138.21800231933594,138.9600067138672
2023-01-18,138.4010009765625,141.6529998779297,138.3470001220703,138.4010009765625
2023-01-19,138.79299926757812,139.33900451660156,137.9149932861328,138.79299926757812
2023-01-20,139.0679931640625,141.17599487304688,139.04600524902344,139.0679931640625
2023-01-23,140.69000244140625,142.0570068359375,140.49000549316406,140.64999389648438
2023-01-24,141.9720001220703,142.1840057373047,141.2740020751953,141.9720001220703
2023-01-25,141.79200744628906,142.2779998779297,140.77000427246094,141.79200744628906
2023-01-26,141.13999938964844,141.89999389648438,140.86000061035156,141.13999938964844
2023-01-27,141.39300537109375,141.54299926757812,140.82000732421875,141.39300537109375
2023-01-30,141.16200256347656,141.9510040283203,140.5489959716797,141.16200256347656
2023-01-31,141.56900024414062,141.5570068359375,140.75,141.56900024414062
2023-02-01,141.3000030517578,141.82400512695312,140.91000366210938,141.3000030517578
2023-02-02,141.63699340820312,141.8990020751953,140.0959930419922,141.63699340820312
2023-02-03,140.3800048828125,142.31700134277344,139.94000244140625,140.3800048828125
2023-02-06,142.43699645996094,142.77499389648438,142.00100708007812,142.43699645996094
2023-02-07,142.27999877929688,142.3090057373047,140.28799438476562,142.27999877929688
2023-02-08,140.59800720214844,141.01499938964844,140.30499267578125,140.59800720214844
2023-02-09,140.78700256347656,141.2480010986328,140.61399841308594,140.78700256347656
2023-02-10,141.24000549316406,141.45700073242188,139.58900451660156,141.24000549316406
2023-02-13,140.45899963378906,142.36599731445312,140.36700439453125,140.45899963378906
2023-02-14,141.99400329589844,142.7220001220703,141.52499389648438,141.99400329589844
2023-02-15,142.7689971923828,143.42300415039062,142.3509979248047,142.7689971923828
2023-02-16,143.15199279785156,143.4250030517578,143.0500030517578,143.15199279785156
2023-02-17,142.99099731445312,143.65899658203125,142.9499969482422,142.99099731445312
2023-02-20,143.49099731445312,143.64500427246094,143.04100036621094,143.50399780273438
2023-02-21,143.5,144.1580047607422,143.19000244140625,143.5
2023-02-22,143.7949981689453,143.843994140625,143.01800537109375,143.7949981689453
2023-02-23,143.0989990234375,143.4929962158203,142.59500122070312,143.0989990234375
2023-02-24,142.66400146484375,143.83700561523438,142.2570037841797,142.66400146484375
2023-02-27,143.9499969482422,144.4429931640625,143.5800018310547,143.9499969482422
2023-02-28,144.60899353027344,145.4409942626953,144.1750030517578,144.60899353027344
2023-03-01,144.2050018310547,145.25900268554688,144.06900024414062,144.2050018310547
2023-03-02,145.29299926757812,145.552001953125,144.80999755859375,145.29299926757812
2023-03-03,144.89599609375,145.05172729492188,144.30799865722656,144.89599609375
2023-03-06,144.5240020751953,145.3699951171875,144.1320037841797,144.5240020751953
2023-03-07,145.31100463867188,145.43299865722656,144.62399291992188,145.31100463867188
2023-03-08,144.91799926757812,145.21499633789062,144.2449951171875,144.91799926757812
2023-03-09,144.75900268554688,144.77999877929688,143.656005859375,144.75900268554688
2023-03-10,144.35499572753906,145.08200073242188,143.50599670410156,144.35499572753906
2023-03-13,143.64999389648438,144.38600158691406,141.36599731445312,143.66000366210938
2023-03-14,142.7429962158203,144.38699340820312,142.5780029296875,142.7429962158203
2023-03-15,144.16900634765625,144.9510040283203,139.4949951171875,144.16900634765625
2023-03-16,140.6750030517578,141.5260009765625,139.19000244140625,140.6750030517578
2023-03-17,141.552001953125,142.14100646972656,140.16600036621094,141.552001953125
2023-03-20,141.2530059814453,141.7169952392578,138.88299560546875,141.2530059814453
2023-03-21,140.83900451660156,142.75999450683594,140.4219970703125,140.83900451660156
2023-03-22,142.5850067138672,143.60499572753906,142.38600158691406,142.5850067138672
2023-03-23,142.58700561523438,143.18099975585938,142.19200134277344,142.58700561523438
2023-03-24,141.78399658203125,141.81900024414062,139.0970001220703,141.78399658203125
2023-03-27,141.02099609375,142.05499267578125,140.58299255371094,141.02099609375
2023-03-28,141.8179931640625,142.13299560546875,141.03599548339844,141.8179931640625
2023-03-29,142.03799438476562,143.88499450683594,141.9980010986328,142.03799438476562
2023-03-30,143.7550048828125,145.07400512695312,143.19900512695312,143.7550048828125
2023-03-31,145.24099731445312,145.62899780273438,144.27200317382812,145.24099731445312
2023-04-03,144.04600524902344,144.89999389648438,143.62600708007812,144.04600524902344
2023-04-04,144.3179931640625,145.3990020751953,144.0989990234375,144.3179931640625
2023-04-05,144.00999450683594,144.44602966308594,142.69000244140625,144.00999450683594
2023-04-06,142.72000122070312,143.98199462890625,142.5399932861328,142.7220001220703
2023-04-07,143.7570037841797,144.20399475097656,143.59100341796875,143.7570037841797
2023-04-10,144.1529998779297,145.0800018310547,144.0679931640625,144.1529998779297
2023-04-11,145.06199645996094,145.8489990234375,144.87100219726562,145.06199645996094
2023-04-12,145.84300231933594,146.4600067138672,145.79200744628906,145.84300231933594
2023-04-13,146.3509979248047,146.87600708007812,146.093994140625,146.3509979248047
2023-04-14,146.41900634765625,146.99600219726562,146.2429962158203,146.41900634765625
2023-04-17,147.1300048828125,147.4290008544922,146.6909942626953,147.1300048828125
2023-04-18,146.8730010986328,147.37399291992188,146.7100067138672,146.8730010986328
2023-04-19,147.10800170898438,147.83599853515625,147.07200622558594,147.10800170898438
2023-04-20,147.51499938964844,147.8179931640625,147.0,147.51499938964844
2023-04-21,146.96099853515625,147.53799438476562,146.39999389648438,146.96099853515625
2023-04-24,147.24200439453125,148.45599365234375,147.10000610351562,147.24200439453125
2023-04-25,148.24000549316406,148.60400390625,146.89100646972656,148.24000549316406
2023-04-26,146.78500366210938,147.88800048828125,146.4550018310547,146.78500366210938
2023-04-27,147.38600158691406,147.97999572753906,147.1540069580078,147.37899780273438
2023-04-28,147.51199340820312,150.38999938964844,147.2899932861328,147.51199340820312
2023-05-01,150.19700622558594,150.93600463867188,150.11000061035156,150.19700622558594
2023-05-02,150.8820037841797,151.58900451660156,149.78900146484375,150.8820037841797
2023-05-03,150.2565460205078,150.39199829101562,149.3040008544922,150.2565460205078
2023-05-04,148.91600036621094,149.16799926757812,147.177001953125,148.91600036621094
2023-05-05,147.8939971923828,148.68600463867188,147.68299865722656,147.8939971923828
2023-05-08,148.96299743652344,149.23500061035156,148.4510040283203,148.96299743652344
2023-05-09,148.51800537109375,148.67599487304688,147.88999938964844,148.51800537109375
2023-05-10,148.33099365234375,148.6439971923828,147.43699645996094,148.33099365234375
2023-05-11,147.2899932861328,147.45599365234375,146.1280059814453,147.2899932861328
2023-05-12,146.76246643066406,147.44900512695312,146.677001953125,146.76246643066406
2023-05-15,147.39500427246094,148.16799926757812,147.33900451660156,147.39500427246094
2023-05-16,147.92300415039062,148.4290008544922,147.63299560546875,147.92300415039062
2023-05-17,148.22900390625,148.9969940185547,148.12899780273438,148.22900390625
2023-05-18,149.14300537109375,149.31900024414062,148.77000427246094,149.14300537109375
2023-05-19,149.3699951171875,149.7949981689453,148.72999572753906,149.3699951171875
2023-05-22,149.01300048828125,149.91000366210938,148.83999633789062,149.01300048828125
2023-05-23,149.91000366210938,150.03799438476562,149.1009979248047,149.91000366210938
2023-05-24,149.25799560546875,149.73399353027344,148.85000610351562,149.25799560546875
2023-05-25,149.8179931640625,150.02999877929688,149.35000610351562,149.8179931640625
2023-05-26,150.1490020751953,150.6060028076172,149.81100463867188,150.1490020751953
2023-05-29,151.0489959716797,151.02200317382812,150.07000732421875,151.0489959716797
2023-05-30,150.37100219726562,150.6020050048828,149.76199340820312,150.37100219726562
2023-05-31,150.01199340820312,150.0989990234375,148.8679962158203,150.01199340820312
2023-06-01,148.76300048828125,149.6699981689453,148.6820068359375,148.76300048828125
2023-06-02,149.29400634765625,149.8939971923828,149.24600219726562,149.29400634765625
2023-06-05,149.97900390625,150.19700622558594,149.26400756835938,149.97900390625
2023-06-06,149.29400634765625,149.6820068359375,148.83099365234375,149.29400634765625
2023-06-07,149.25599670410156,149.83099365234375,148.62399291992188,149.25599670410156
2023-06-08,149.78799438476562,150.0330047607422,149.58599853515625,149.78799438476562
2023-06-09,149.72000122070312,150.4239959716797,149.72999572753906,149.72000122070312
2023-06-12,149.82000732421875,150.33700561523438,149.63999938964844,149.82000732421875
2023-06-13,150.09100341796875,151.23300170898438,150.02999877929688,150.09100341796875
2023-06-14,151.23199462890625,151.36099243164062,150.9250030517578,151.23199462890625
2023-06-15,151.76499938964844,153.62100219726562,151.7519989013672,151.76499938964844
2023-06-16,153.52699279785156,154.94500732421875,153.0989990234375,153.52699279785156
2023-06-19,155.17999267578125,155.27999877929688,154.66600036621094,155.17999267578125
2023-06-20,155.0070037841797,155.36500549316406,154.06100463867188,155.0070037841797
2023-06-21,154.33599853515625,155.718994140625,154.36599731445312,154.33599853515625
2023-06-22,155.73699951171875,156.58599853515625,155.63800048828125,155.73699951171875
2023-06-23,156.6999969482422,156.81700134277344,155.11099243164062,156.6999969482422
2023-06-26,156.54800415039062,156.7030029296875,155.7519989013672,156.54800415039062
2023-06-27,156.51199340820312,157.85400390625,156.4080047607422,156.51199340820312
2023-06-28,157.63800048828125,157.9929962158203,157.24000549316406,157.63800048828125
2023-06-29,157.60800170898438,157.8769989013672,157.2530059814453,157.60800170898438
2023-06-30,157.34800720214844,157.875,156.75399780273438,157.34800720214844
2023-07-03,157.49200439453125,157.91000366210938,157.26699829101562,157.49200439453125
2023-07-04,157.7740020751953,157.7689971923828,157.17999267578125,157.7740020751953
2023-07-05,157.13999938964844,157.68899536132812,156.78500366210938,157.13999938964844
2023-07-06,156.84300231933594,156.9929962158203,155.84300231933594,156.84300231933594
2023-07-07,156.75999450683594,156.92100524902344,155.38800048828125,156.75999450683594
2023-07-10,155.9499969482422,156.66099548339844,155.33399963378906,155.9499969482422
2023-07-11,155.49099731445312,155.6510009765625,154.19200134277344,155.49099731445312
2023-07-12,154.3090057373047,154.27099609375,153.53799438476562,154.3090057373047
2023-07-13,154.07000732421875,155.11199951171875,153.88400268554688,154.07000732421875
2023-07-14,154.95599365234375,156.07699584960938,154.21099853515625,154.95599365234375
2023-07-17,155.70399475097656,156.3260040283203,155.1009979248047,155.70399475097656
2023-07-18,155.88699340820312,156.1199951171875,154.9080047607422,155.88699340820312
2023-07-19,156.10299682617188,157.1999969482422,155.92799377441406,156.10299682617188
2023-07-20,156.41400146484375,156.59100341796875,156.15199279785156,156.41400146484375
2023-07-21,155.718994140625,158.02999877929688,155.5989990234375,155.718994140625
2023-07-24,157.6929931640625,157.76600646972656,156.2550048828125,157.6929931640625
2023-07-25,156.54600524902344,156.843994140625,155.66200256347656,156.54600524902344
2023-07-26,155.70899963378906,155.96800231933594,155.16099548339844,155.70899963378906
2023-07-27,155.49400329589844,156.18699645996094,154.83599853515625,155.49400329589844
2023-07-28,152.43099975585938,155.34300231933594,151.38999938964844,152.43099975585938
2023-07-31,155.16799926757812,157.2310028076172,155.1230010986328,155.16799926757812
2023-08-01,156.51300048828125,157.38699340820312,156.45399475097656,156.51300048828125
2023-08-02,157.35400390625,157.48699951171875,156.26600646972656,157.35400390625
2023-08-03,156.86099243164062,157.2220001220703,155.552001953125,156.86099243164062
2023-08-04,156.15499877929688,156.59300231933594,155.9010009765625,156.15499877929688
2023-08-07,156.0959930419922,156.69200134277344,155.802001953125,156.0959930419922
2023-08-08,156.8090057373047,157.73199462890625,156.3820037841797,156.8090057373047
2023-08-09,157.0019989013672,157.86900329589844,156.88800048828125,157.0019989013672
2023-08-10,157.7689971923828,159.15499877929688,157.6929931640625,157.7689971923828
2023-08-11,159.06399536132812,159.19900512695312,158.6649932861328,159.06399536132812
2023-08-14,158.48800659179688,158.7949981689453,158.18899536132812,158.48800659179688
2023-08-15,158.63400268554688,159.322998046875,158.52000427246094,158.63400268554688
2023-08-16,158.76800537109375,159.18800354003906,158.6300048828125,158.76800537109375
2023-08-17,159.12399291992188,159.2949981689453,158.78700256347656,159.12399291992188
2023-08-18,158.447998046875,158.5290069580078,157.76800537109375,158.447998046875
2023-08-21,158.02000427246094,159.3699951171875,157.7899932861328,158.02000427246094
2023-08-22,159.36700439453125,159.4720001220703,158.08999633789062,159.36700439453125
2023-08-23,158.10299682617188,158.3560028076172,156.8679962158203,158.10299682617188
2023-08-24,157.1909942626953,158.0290069580078,157.22000122070312,157.1909942626953
2023-08-25,157.72500610351562,158.00999450683594,157.2449951171875,157.72500610351562
2023-08-28,158.20799255371094,158.5500030517578,158.1699981689453,158.20799255371094
2023-08-29,158.5449981689453,159.00599670410156,158.24899291992188,158.5449981689453
2023-08-30,158.66900634765625,159.572998046875,158.56199645996094,158.66900634765625
2023-08-31,159.66799926757812,159.73300170898438,157.8769989013672,159.66799926757812
2023-09-01,157.74899291992188,157.94500732421875,157.06500244140625,157.74899291992188
2023-09-04,157.36000061035156,158.2259979248047,157.35000610351562,157.36000061035156
2023-09-05,158.13600158691406,158.39100646972656,157.80799865722656,158.13600158691406
2023-09-06,158.1300048828125,158.43099975585938,157.802001953125,158.1300048828125
2023-09-07,158.39700317382812,158.50900268554688,157.3990020751953,158.39700317382812
2023-09-08,157.60299682617188,158.3730010986328,157.11599731445312,157.60299682617188
2023-09-11,157.6540069580078,157.6750030517578,156.59500122070312,157.6540069580078
2023-09-12,157.64100646972656,157.88800048828125,157.1959991455078,157.64100646972656
2023-09-13,158.22500610351562,158.63600158691406,158.031005859375,158.22500610351562
2023-09-14,158.1320037841797,158.26300048828125,156.83599853515625,158.1320037841797
2023-09-15,156.8459930419922,157.80999755859375,156.7270050048828,156.8459930419922
2023-09-18,157.74099731445312,157.92599487304688,157.34800720214844,157.74099731445312
2023-09-19,157.81500244140625,158.26499938964844,157.75999450683594,157.81500244140625
2023-09-20,157.80499267578125,158.42100524902344,157.7899932861328,157.80499267578125
2023-09-21,157.9720001220703,158.052001953125,157.04600524902344,157.9720001220703
2023-09-22,157.39700317382812,158.2480010986328,157.11599731445312,157.39700317382812
2023-09-25,158.04400634765625,158.16700744628906,157.48899841308594,158.04400634765625
2023-09-26,157.6009979248047,157.91000366210938,157.3719940185547,157.6009979248047
2023-09-27,157.51699829101562,157.59800720214844,157.0050048828125,157.51699829101562
2023-09-28,157.04200744628906,157.86000061035156,156.6999969482422,157.04200744628906
2023-09-29,157.7310028076172,158.302001953125,157.48300170898438,157.7310028076172
2023-10-02,157.96200561523438,158.4429931640625,157.21499633789062,157.96200561523438
2023-10-03,157.04200744628906,157.19900512695312,155.7740020751953,157.04200744628906
2023-10-04,156.16000366210938,156.75900268554688,155.85499572753906,156.16000366210938
2023-10-05,156.5070037841797,156.72799682617188,156.10299682617188,156.5070037841797
2023-10-06,156.56300354003906,157.98399353027344,156.51800537109375,156.56300354003906
2023-10-09,157.61599731445312,157.67799377441406,156.5229949951172,157.61599731445312
2023-10-10,156.90914916992188,157.9600067138672,156.7760009765625,156.90914916992188
2023-10-11,157.5989990234375,158.44700622558594,157.5260009765625,157.5989990234375
2023-10-12,158.32899475097656,158.5989990234375,157.7259979248047,158.32899475097656
2023-10-13,157.81199645996094,158.02999877929688,157.07000732421875,157.81199645996094
2023-10-16,157.35499572753906,157.968994140625,157.18800354003906,157.35499572753906
2023-10-17,157.86300659179688,158.60299682617188,157.60499572753906,157.86300659179688
2023-10-18,158.30999755859375,158.53500366210938,157.7449951171875,158.30999755859375
2023-10-19,157.78900146484375,158.5659942626953,157.6820068359375,157.78900146484375
2023-10-20,158.54800415039062,158.9250030517578,158.33799743652344,158.54800415039062
2023-10-23,158.71200561523438,159.45700073242188,158.49000549316406,158.71200561523438
2023-10-24,159.7899932861328,159.91000366210938,158.6300048828125,159.7899932861328
2023-10-25,158.76400756835938,158.9239959716797,158.41000366210938,158.76400756835938
2023-10-26,158.5989990234375,158.83399963378906,158.2899932861328,158.5989990234375
2023-10-27,158.8419952392578,158.85000610351562,157.99000549316406,158.8419952392578
2023-10-30,158.14599609375,158.89599609375,157.697998046875,158.14599609375
2023-10-31,158.2449951171875,160.75999450683594,158.24099731445312,158.26199340820312
2023-11-01,160.05799865722656,160.11300659179688,159.0709991455078,160.05799865722656
2023-11-02,159.41000366210938,160.05999755859375,159.08599853515625,159.41000366210938
2023-11-03,159.75399780273438,160.2969970703125,159.64100646972656,159.75399780273438
2023-11-06,160.3820037841797,160.9600067138672,160.3300018310547,160.3820037841797
2023-11-07,160.7550048828125,161.01800537109375,160.44200134277344,160.7550048828125
2023-11-08,160.8520050048828,161.60899353027344,160.6999969482422,160.8520050048828
2023-11-09,161.5679931640625,161.77999877929688,161.44000244140625,161.5679931640625
2023-11-10,161.4320068359375,161.85299682617188,161.35400390625,161.4320068359375
2023-11-13,161.91099548339844,162.35400390625,161.5989990234375,161.91099548339844
2023-11-14,162.27000427246094,163.80299377441406,162.2100067138672,162.27000427246094
2023-11-15,163.68899536132812,163.97500610351562,163.19500732421875,163.68899536132812
2023-11-16,164.1300048828125,164.27999877929688,163.25900268554688,164.1300048828125
2023-11-17,163.55599975585938,163.58700561523438,162.16799926757812,163.55599975585938
2023-11-20,163.53399658203125,163.531005859375,161.781005859375,163.53399658203125
2023-11-21,162.37899780273438,162.41299438476562,161.27099609375,162.37899780273438
2023-11-22,161.73599243164062,162.71499633789062,161.6820068359375,161.73599243164062
2023-11-23,162.72999572753906,163.18099975585938,162.4320068359375,162.72999572753906
2023-11-24,163.16000366210938,163.61700439453125,162.72000122070312,163.16000366210938
2023-11-27,163.6280059814453,163.6300048828125,162.50999450683594,163.6280059814453
2023-11-28,162.63999938964844,162.8800048828125,162.12600708007812,162.63999938964844
2023-11-29,161.8159942626953,162.24400329589844,161.52000427246094,161.8159942626953
2023-11-30,161.34300231933594,161.93499755859375,160.61300659179688,161.34300231933594
2023-12-01,161.1929931640625,161.75599670410156,159.8090057373047,161.1929931640625
2023-12-04,159.38699340820312,159.82000732421875,158.72000122070312,159.38699340820312
2023-12-05,159.66299438476562,159.697998046875,158.60400390625,159.66299438476562
2023-12-06,158.85499572753906,159.1020050048828,158.40899658203125,158.85499572753906
2023-12-07,158.4510040283203,158.4530029296875,155.2010040283203,158.4510040283203
2023-12-08,155.66900634765625,155.96200561523438,153.8769989013672,155.66900634765625
2023-12-11,156.0760040283203,157.66200256347656,156.03799438476562,156.0760040283203
2023-12-12,157.2570037841797,157.27999877929688,156.50799560546875,157.2570037841797
2023-12-13,156.8679962158203,157.4720001220703,156.5590057373047,156.8679962158203
2023-12-14,155.3800048828125,155.9720001220703,153.94000244140625,155.3800048828125
2023-12-15,156.4080047607422,156.4550018310547,154.4499969482422,156.4080047607422
2023-12-18,155.05099487304688,156.28900146484375,154.8780059814453,155.05099487304688
2023-12-19,155.89300537109375,158.53199768066406,155.40499877929688,155.89300537109375
2023-12-20,158.00999450683594,158.08900451660156,156.7899932861328,157.9969940185547
2023-12-21,157.01699829101562,157.10299682617188,156.1300048828125,157.01699829101562
2023-12-22,156.3070068359375,156.99899291992188,156.1269989013672,156.3070068359375
2023-12-25,156.9805908203125,157.66700744628906,147.79058837890625,156.7899932861328
2023-12-26,156.71200561523438,157.30799865722656,156.5850067138672,156.71200561523438
2023-12-27,157.2949981689453,158.3459930419922,157.14700317382812,157.2949981689453
2023-12-28,157.06300354003906,157.4459991455078,155.83999633789062,157.06300354003906
2023-12-29,156.52699279785156,156.9199981689453,155.67599487304688,156.52699279785156
2024-01-01,155.8993377685547,155.89999389648438,155.58999633789062,155.8993377685547
2024-01-02,155.76499938964844,156.31500244140625,155.0800018310547,155.76499938964844
2024-01-03,155.53599548339844,156.69400024414062,155.3300018310547,155.53599548339844
2024-01-04,156.22799682617188,158.5709991455078,156.07899475097656,156.22799682617188
2024-01-05,158.46800231933594,158.96499633789062,158.05299377441406,158.46800231933594
2024-01-08,158.33999633789062,158.4669952392578,157.69000244140625,158.33999633789062
2024-01-09,157.9340057373047,157.9600067138672,157.2100067138672,157.9340057373047
2024-01-10,157.88600158691406,159.76400756835938,157.9290008544922,157.88600158691406
2024-01-11,159.93899536132812,160.16400146484375,159.38999938964844,159.93899536132812
2024-01-12,159.26800537109375,159.56199645996094,158.54800415039062,159.26800537109375
2024-01-15,158.86500549316406,159.82400512695312,158.822998046875,158.86399841308594
2024-01-16,159.56300354003906,160.0,159.2429962158203,159.56300354003906
2024-01-17,160.17999267578125,161.21499633789062,160.01800537109375,160.17999267578125
2024-01-18,161.22300720214844,161.36700439453125,160.656005859375,161.22300720214844
2024-01-19,161.1269989013672,161.83900451660156,160.8070068359375,161.1269989013672
2024-01-22,161.3300018310547,161.5,160.7519989013672,161.33999633789062
2024-01-23,161.13699340820312,161.677001953125,160.468994140625,161.13699340820312
2024-01-24,160.94900512695312,160.93600463867188,159.99200439453125,160.94900512695312
2024-01-25,160.58999633789062,160.94200134277344,159.6999969482422,160.58999633789062
2024-01-26,160.218994140625,160.9080047607422,159.82000732421875,160.218994140625
2024-01-29,160.61700439453125,160.8260040283203,159.41799926757812,160.61700439453125
2024-01-30,159.75599670410156,160.3070068359375,159.218994140625,159.75599670410156
2024-01-31,159.781005859375,160.25900268554688,158.64199829101562,159.781005859375
2024-02-01,158.7830047607422,159.1230010986328,158.0919952392578,158.7830047607422
2024-02-02,159.24899291992188,160.21499633789062,159.04400634765625,159.24899291992188
2024-02-05,160.08099365234375,160.24600219726562,159.38299560546875,160.08099365234375
2024-02-06,159.65199279785156,159.85400390625,159.02099609375,159.65199279785156
2024-02-07,158.99099731445312,159.7169952392578,159.00900268554688,158.99099731445312
2024-02-08,159.5724334716797,160.85000610351562,159.46600341796875,159.5724334716797
2024-02-09,160.8459930419922,161.24899291992188,160.75999450683594,160.8459930419922
2024-02-12,161.0679931640625,161.08999633789062,160.38299560546875,161.0679931640625
2024-02-13,160.927001953125,161.55799865722656,160.77999877929688,160.91000366210938
2024-02-14,161.38999938964844,161.5399932861328,160.9499969482422,161.38999938964844
2024-02-15,161.55996704101562,161.62399291992188,160.9290008544922,161.55996704101562
2024-02-16,161.53399658203125,161.9080047607422,161.5030059814453,161.53399658203125
2024-02-19,161.91000366210938,161.91000366210938,161.47000122070312,161.86700439453125
2024-02-20,161.89300537109375,162.35499572753906,161.69700622558594,161.89300537109375
2024-02-21,162.11099243164062,162.5800018310547,161.92999267578125,162.11099243164062
2024-02-22,162.6840057373047,163.42999267578125,162.63999938964844,162.6840057373047
2024-02-23,162.8979949951172,163.2030029296875,162.67999267578125,162.8979949951172
2024-02-26,162.822998046875,163.6840057373047,162.5590057373047,162.83099365234375
2024-02-27,163.3679962158203,163.3679962158203,162.89100646972656,163.3509979248047
2024-02-28,163.14700317382812,163.4029998779297,162.76300048828125,163.14700317382812
2024-02-29,163.2899932861328,163.2899932861328,161.67999267578125,163.24600219726562
2024-03-01,162.16700744628906,162.9720001220703,162.15499877929688,162.16700744628906
2024-03-04,162.7469940185547,163.50100708007812,162.52000427246094,162.7469940185547
2024-03-05,163.31900024414062,163.36000061035156,162.6999969482422,163.31900024414062
2024-03-06,162.8719940185547,162.95199584960938,162.21800231933594,162.8719940185547
2024-03-07,162.6840057373047,162.68099975585938,160.5709991455078,162.6840057373047
2024-03-08,161.9080047607422,162.13999938964844,160.61099243164062,161.9080047607422
2024-03-11,160.60899353027344,160.89700317382812,160.218994140625,160.60899353027344
2024-03-12,160.38900756835938,161.4759979248047,160.2830047607422,160.38900756835938
2024-03-13,161.29100036621094,161.9219970703125,160.9029998779297,161.29100036621094
2024-03-14,161.68699645996094,161.89100646972656,161.16000366210938,161.68699645996094
2024-03-15,161.3769989013672,162.38400268554688,161.072998046875,161.3769989013672
2024-03-18,162.0970001220703,162.6750030517578,162.10299682617188,162.0970001220703
2024-03-19,162.17300415039062,163.7310028076172,162.1230010986328,162.17300415039062
2024-03-20,164.05499267578125,164.73300170898438,164.031005859375,164.05499267578125
2024-03-21,164.87899780273438,165.3070068359375,164.3560028076172,164.87899780273438
2024-03-22,164.7030029296875,164.76300048828125,163.49000549316406,164.7030029296875
2024-03-25,163.52099609375,164.10499572753906,163.35699462890625,163.52099609375
2024-03-26,164.04800415039062,164.4029998779297,163.98800659179688,164.04800415039062
2024-03-27,164.0399932861328,164.38499450683594,163.4199981689453,164.0399932861328
2024-03-28,163.5290069580078,163.85699462890625,163.1199951171875,163.5290069580078
2024-03-29,163.41000366210938,163.39999389648438,162.78199768066406,163.41000366210938
2024-04-01,163.3939971923828,163.41400146484375,162.8300018310547,163.3939971923828
2024-04-02,162.75100708007812,163.31700134277344,162.60000610351562,162.75100708007812
2024-04-03,163.1790008544922,164.31100463867188,163.07699584960938,163.1790008544922
2024-04-04,164.27699279785156,164.9010009765625,164.2429962158203,164.27699279785156
2024-04-05,163.94500732421875,164.39199829101562,163.4969940185547,163.94500732421875
2024-04-08,164.2830047607422,164.83399963378906,164.19400024414062,164.2830047607422
2024-04-09,164.9219970703125,165.16099548339844,164.5570068359375,164.9219970703125
2024-04-10,164.802001953125,164.9759979248047,164.07000732421875,164.802001953125
2024-04-11,164.29200744628906,164.6820068359375,163.9510040283203,164.29200744628906
2024-04-12,164.31700134277344,164.3769989013672,162.31100463867188,164.31700134277344
2024-04-15,163.2100067138672,164.406005859375,163.17599487304688,163.2100067138672
2024-04-16,163.8300018310547,164.66900634765625,163.68800354003906,163.8300018310547
2024-04-17,164.29600524902344,164.73899841308594,163.94700622558594,164.29600524902344
2024-04-18,164.66200256347656,164.9340057373047,164.38999938964844,164.66200256347656
2024-04-19,164.5590057373047,165.01100158691406,163.05299377441406,164.5590057373047
2024-04-22,164.7989959716797,165.0850067138672,164.3800048828125,164.80999755859375
2024-04-23,164.9250030517578,165.718994140625,164.60000610351562,164.9250030517578
2024-04-24,165.61300659179688,165.86399841308594,165.44000244140625,165.61300659179688
2024-04-25,166.11599731445312,167.00799560546875,166.02099609375,166.11599731445312
2024-04-26,166.9080047607422,168.48500061035156,166.74099731445312,166.9080047607422
2024-04-29,169.39999389648438,171.3520050048828,165.66000366210938,169.39999389648438
2024-04-30,167.39599609375,168.56500244140625,167.21400451660156,167.39599609375
2024-05-01,168.21499633789062,168.6280059814453,168.16799926757812,168.21499633789062
2024-05-02,166.8800048828125,167.37899780273438,164.33999633789062,166.8800048828125
2024-05-03,164.21600341796875,164.7790069580078,164.02499389648438,164.21600341796875
2024-05-06,165.2010040283203,165.9759979248047,165.0919952392578,165.2010040283203
2024-05-07,166.0780029296875,166.55599975585938,165.67999267578125,166.0780029296875
2024-05-08,166.35699462890625,167.3300018310547,166.30599975585938,166.35699462890625
2024-05-09,166.99899291992188,167.73800659179688,166.81700134277344,166.99899291992188
2024-05-10,167.53399658203125,167.9600067138672,167.51800537109375,167.53399658203125
2024-05-13,167.81700134277344,168.61399841308594,167.58999633789062,167.81700134277344
2024-05-14,168.58999633789062,169.35299682617188,168.57400512695312,168.58999633789062
2024-05-15,169.24099731445312,169.39100646972656,168.2570037841797,169.24099731445312
2024-05-16,168.0019989013672,168.8509979248047,167.32400512695312,168.0019989013672
2024-05-17,168.85400390625,169.28399658203125,168.77999877929688,168.85400390625
2024-05-20,169.34500122070312,169.69500732421875,169.08900451660156,169.34500122070312
2024-05-21,169.82200622558594,169.92999267578125,169.22799682617188,169.82200622558594
2024-05-22,169.60699462890625,169.9199981689453,169.42999267578125,169.60699462890625
2024-05-23,169.6320037841797,170.29200744628906,169.29800415039062,169.6320037841797
2024-05-24,169.71400451660156,170.49000549316406,169.6199951171875,169.71400451660156
2024-05-27,170.16099548339844,170.4949951171875,169.9499969482422,170.16099548339844
2024-05-28,170.3470001220703,170.73599243164062,170.2899932861328,170.3470001220703
2024-05-29,170.6540069580078,170.78700256347656,170.17100524902344,170.6540069580078
2024-05-30,170.21600341796875,170.22900390625,169.0399932861328,170.21600341796875
2024-05-31,169.99600219726562,170.7239990234375,169.45199584960938,169.99600219726562
2024-06-03,170.5800018310547,170.88299560546875,169.73899841308594,170.5800018310547
2024-06-04,170.22799682617188,170.718994140625,168.11300659179688,170.22799682617188
2024-06-05,168.79600524902344,169.9980010986328,168.77999877929688,168.79600524902344
2024-06-06,169.55599975585938,170.2030029296875,169.2689971923828,169.55599975585938
2024-06-07,169.5749969482422,169.93800354003906,168.9600067138672,169.5749969482422
2024-06-10,169.0399932861328,169.2100067138672,168.302001953125,169.0399932861328
2024-06-11,169.02000427246094,169.41099548339844,168.30999755859375,169.02000427246094
2024-06-12,168.7209930419922,169.37899780273438,168.66400146484375,168.7209930419922
2024-06-13,169.52000427246094,170.11300659179688,168.5540008544922,169.52000427246094
2024-06-14,168.7259979248047,169.77999877929688,167.5540008544922,168.7259979248047
2024-06-17,168.60400390625,169.2779998779297,167.98599243164062,168.60400390625
2024-06-18,169.36900329589844,169.89599609375,168.96400451660156,169.36900329589844
2024-06-19,169.5290069580078,169.82699584960938,169.1199951171875,169.49400329589844
2024-06-20,169.76300048828125,170.3040008544922,169.65699768066406,169.76300048828125
2024-06-21,170.1510009765625,170.5399932861328,169.3489990234375,170.1510009765625
2024-06-24,170.85000610351562,171.38999938964844,170.53700256347656,170.85000610351562
2024-06-25,171.375,171.38800048828125,170.6999969482422,171.375
2024-06-26,171.00999450683594,171.7740020751953,170.83999633789062,171.00999450683594
2024-06-27,171.53500366210938,172.1490020751953,171.39999389648438,171.53500366210938
2024-06-28,172.06500244140625,172.43499755859375,171.48800659179688,172.06500244140625
2024-07-01,172.72999572753906,173.66200256347656,172.67999267578125,172.72999572753906
2024-07-02,173.3990020751953,173.58399963378906,173.0800018310547,173.3990020751953
2024-07-03,173.5850067138672,174.47900390625,173.53799438476562,173.5850067138672
2024-07-04,174.3939971923828,174.36599731445312,173.7899932861328,174.3939971923828
2024-07-05,174.4290008544922,174.49000549316406,173.73599243164062,174.4290008544922
2024-07-08,173.9029998779297,174.6230010986328,173.5229949951172,173.9029998779297
2024-07-09,174.21299743652344,174.56700134277344,174.00999450683594,174.21299743652344
2024-07-10,174.44000244140625,175.11900329589844,174.46400451660156,174.44000244140625
2024-07-11,175.0709991455078,175.41299438476562,171.61099243164062,175.0709991455078
2024-07-12,172.0070037841797,173.41200256347656,171.46400451660156,172.0070037841797
2024-07-15,172.32699584960938,172.53700256347656,171.88099670410156,172.32699584960938
2024-07-16,172.33599853515625,172.91099548339844,172.27699279785156,172.33599853515625
2024-07-17,172.6179962158203,172.81500244140625,170.78399658203125,172.6179962158203
2024-07-18,170.29600524902344,171.3179931640625,170.12399291992188,170.29600524902344
2024-07-19,171.31700134277344,171.86500549316406,170.92599487304688,171.31700134277344
2024-07-22,171.57200622558594,171.64599609375,170.1219940185547,171.3000030517578
2024-07-23,170.84300231933594,170.84500122070312,169.156005859375,170.84300231933594
2024-07-24,168.98800659179688,169.1909942626953,166.13900756835938,168.98800659179688
2024-07-25,166.79400634765625,167.31199645996094,164.85299682617188,166.79400634765625
2024-07-26,166.76100158691406,167.99400329589844,166.40199279785156,166.76100158691406
2024-07-29,167.28900146484375,167.49899291992188,166.24899291992188,167.28900146484375
2024-07-30,166.41000366210938,167.91600036621094,166.06100463867188,166.41000366210938
2024-07-31,165.11199951171875,166.218994140625,162.22900390625,165.11199951171875
2024-08-01,162.072998046875,162.86700439453125,160.87399291992188,162.072998046875
2024-08-02,160.9459991455078,161.57000732421875,159.73800659179688,160.9459991455078
2024-08-05,158.83599853515625,159.1909942626953,154.43499755859375,159.85000610351562
2024-08-06,157.88999938964844,160.22000122070312,157.3459930419922,157.88999938964844
2024-08-07,158.13299560546875,161.39599609375,157.96099853515625,158.13299560546875
2024-08-08,159.6959991455078,160.718994140625,158.9929962158203,159.6959991455078
2024-08-09,161.1909942626953,161.23199462890625,159.8719940185547,161.1909942626953
2024-08-12,160.4720001220703,161.93099975585938,160.20199584960938,160.4720001220703
2024-08-13,160.71499633789062,161.781005859375,160.70700073242188,160.71499633789062
2024-08-14,161.61300659179688,162.53700256347656,160.59800720214844,161.61300659179688
2024-08-15,162.14199829101562,163.697998046875,161.94900512695312,162.14199829101562
2024-08-16,163.7259979248047,163.7570037841797,162.31700134277344,163.7259979248047
2024-08-19,163.11700439453125,163.18600463867188,160.47000122070312,163.11700439453125
2024-08-20,162.6199951171875,163.1529998779297,161.7050018310547,162.6199951171875
2024-08-21,161.73300170898438,162.6529998779297,161.36000061035156,161.73300170898438
2024-08-22,161.8800048828125,162.80999755859375,161.50599670410156,161.8800048828125
2024-08-23,162.5240020751953,162.69700622558594,161.7239990234375,162.5240020751953
2024-08-26,161.09800720214844,161.44200134277344,160.51400756835938,161.09800720214844
2024-08-27,161.3209991455078,162.16299438476562,160.91200256347656,161.32000732421875
2024-08-28,160.9290008544922,161.36099243164062,160.4499969482422,160.9290008544922
2024-08-29,160.66099548339844,161.25399780273438,160.05999755859375,160.66099548339844
2024-08-30,160.53700256347656,161.4219970703125,160.20199584960938,160.53700256347656
2024-09-02,161.6719970703125,162.843994140625,161.0449981689453,161.6719970703125
2024-09-03,162.37399291992188,162.7729949951172,160.52999877929688,162.37399291992188
2024-09-04,160.572998046875,160.8520050048828,159.67300415039062,160.572998046875
2024-09-05,158.7830047607422,159.7519989013672,158.57200622558594,158.7830047607422
2024-09-06,159.32000732421875,159.30999755859375,157.5,159.32000732421875
2024-09-09,157.97300720214844,158.7239990234375,157.50100708007812,157.97300720214844
2024-09-10,158.0019989013672,158.5780029296875,156.86000061035156,157.9810028076172
2024-09-11,156.73300170898438,156.96499633789062,155.49000549316406,156.73300170898438
2024-09-12,157.01300048828125,157.47799682617188,156.53199768066406,157.01300048828125
2024-09-13,156.75,156.7969970703125,155.60800170898438,156.75
2024-09-16,156.11500549316406,156.64500427246094,155.19200134277344,156.11500549316406
2024-09-17,156.68699645996094,157.83200073242188,156.07400512695312,156.68699645996094
2024-09-18,157.96200561523438,158.02099609375,157.07000732421875,157.96200561523438
2024-09-19,158.58399963378906,159.94700622558594,158.35899353027344,158.58399963378906
2024-09-20,159.41400146484375,161.13099670410156,158.45199584960938,159.41400146484375
2024-09-23,160.71099853515625,161.16900634765625,159.05299377441406,160.71099853515625
2024-09-24,159.58900451660156,161.052001953125,159.28700256347656,159.58900451660156
2024-09-25,159.98699951171875,161.64500427246094,159.96499633789062,159.98699951171875
2024-09-26,161.0399932861328,161.8520050048828,160.7550048828125,161.0399932861328
2024-09-27,162.12600708007812,163.45599365234375,159.02699279785156,162.12600708007812
2024-09-30,159.47999572753906,159.9709930419922,158.12100219726562,159.47999572753906
2024-10-01,160.03199768066406,160.875,158.46800231933594,160.03199768066406
2024-10-02,159.0240020751953,161.4720001220703,158.7100067138672,159.0240020751953
2024-10-03,161.91799926757812,162.4720001220703,161.37600708007812,161.91799926757812
2024-10-04,162.04100036621094,163.10400390625,161.03599548339844,162.04100036621094
2024-10-07,163.281005859375,163.22900390625,162.30099487304688,163.281005859375
2024-10-08,162.57400512695312,162.79800415039062,161.93499755859375,162.57400512695312
2024-10-09,162.60699462890625,163.45599365234375,162.39999389648438,162.60699462890625
2024-10-10,163.2010040283203,163.58999633789062,162.1909942626953,163.2010040283203
2024-10-11,162.58200073242188,163.38999938964844,162.31100463867188,162.58200073242188
2024-10-14,163.1199951171875,163.58299255371094,162.89700317382812,163.1199951171875
2024-10-15,163.2729949951172,163.322998046875,162.34300231933594,163.2729949951172
2024-10-16,162.28500366210938,162.82400512695312,162.1719970703125,162.28500366210938
2024-10-17,162.42100524902344,162.70799255371094,161.86599731445312,162.42100524902344
2024-10-18,162.5449981689453,162.82000732421875,162.2480010986328,162.5449981689453
2024-10-21,162.5850067138672,162.8939971923828,162.0019989013672,162.5850067138672
2024-10-22,162.86000061035156,163.64199829101562,162.8300018310547,162.86000061035156
2024-10-23,163.17999267578125,165.0,163.18099975585938,163.17999267578125
2024-10-24,164.68600463867188,164.7209930419922,163.8300018310547,164.68600463867188
2024-10-25,164.28900146484375,164.75999450683594,163.96299743652344,164.28900146484375
2024-10-28,165.12399291992188,166.06100463867188,164.93499755859375,165.12399291992188
2024-10-29,165.6840057373047,166.0709991455078,165.14999389648438,165.6840057373047
2024-10-30,165.84800720214844,166.57200622558594,165.52099609375,165.84800720214844
2024-10-31,166.3730010986328,166.66600036621094,164.94200134277344,166.3730010986328
2024-11-01,165.41099548339844,166.08999633789062,165.3730010986328,165.41099548339844
2024-11-04,165.593994140625,165.83399963378906,165.22900390625,165.593994140625
2024-11-05,165.5749969482422,166.0240020751953,165.41400146484375,165.5749969482422
2024-11-06,165.5780029296875,165.97300720214844,164.93899536132812,165.5780029296875
2024-11-07,165.60899353027344,165.9459991455078,165.16400146484375,165.60899353027344
2024-11-08,165.3520050048828,165.35499572753906,163.3800048828125,165.3520050048828
2024-11-11,163.8280029296875,164.64199829101562,163.5709991455078,163.8280029296875
2024-11-12,163.61599731445312,164.10499572753906,163.24000549316406,163.61599731445312
2024-11-13,164.1929931640625,164.78700256347656,163.66299438476562,164.1929931640625
2024-11-14,164.1909942626953,164.96299743652344,163.81900024414062,164.1909942626953
2024-11-15,164.75999450683594,165.02699279785156,162.98699951171875,164.75999450683594
2024-11-18,162.91400146484375,163.9250030517578,162.2760009765625,162.91400146484375
2024-11-19,163.80799865722656,163.76400756835938,161.58099365234375,163.80799865722656
2024-11-20,164.10800170898438,164.74400329589844,163.1699981689453,164.10800170898438
2024-11-21,163.75999450683594,163.75999450683594,161.86300659179688,163.75999450683594
2024-11-22,161.44200134277344,162.468994140625,159.99600219726562,161.44200134277344
2024-11-25,161.5330047607422,162.1020050048828,160.9929962158203,161.5330047607422
2024-11-26,161.22000122070312,161.9250030517578,160.61500549316406,161.22000122070312
2024-11-27,160.50599670410156,160.57000732421875,159.14300537109375,160.50599670410156
2024-11-28,159.84100341796875,160.2989959716797,159.5959930419922,159.85299682617188
2024-11-29,159.6540069580078,159.66700744628906,158.16799926757812,159.6540069580078
2024-12-02,157.97500610351562,158.625,156.38999938964844,158.05099487304688
2024-12-03,156.98699951171875,157.93899536132812,156.19200134277344,156.98699951171875
2024-12-04,157.27499389648438,158.64999389648438,156.98500061035156,157.27499389648438
2024-12-05,158.2779998779297,159.36099243164062,157.55999755859375,158.2779998779297
2024-12-06,158.9884796142578,159.51400756835938,158.10299682617188,158.9884796142578
2024-12-09,158.4040069580078,159.9770050048828,157.86000061035156,158.5500030517578
2024-12-10,159.8000030517578,160.04100036621094,159.38699340820312,159.8000030517578
2024-12-11,159.8719940185547,160.5189971923828,158.86399841308594,159.8719940185547
2024-12-12,159.9199981689453,160.51800537109375,159.1490020751953,159.9199981689453
2024-12-13,159.81399536132812,161.50999450683594,159.73699951171875,159.81399536132812
2024-12-16,161.27000427246094,162.197998046875,161.17300415039062,161.27000427246094
2024-12-17,162.04800415039062,162.4340057373047,161.1199951171875,162.04800415039062
2024-12-18,161.16600036621094,161.54800415039062,161.0449981689453,161.16600036621094
2024-12-19,160.0749969482422,163.7740020751953,160.11700439453125,160.0749969482422
2024-12-20,163.39199829101562,163.6199951171875,162.36700439453125,163.39199829101562
2024-12-23,163.3040008544922,163.58599853515625,162.8780059814453,163.3040008544922
2024-12-24,163.43600463867188,163.60899353027344,163.03599548339844,163.43600463867188
2024-12-25,163.43499755859375,164.16836547851562,163.43499755859375,163.3699951171875
2024-12-26,163.4080047607422,164.67799377441406,163.3070068359375,163.4080047607422
2024-12-27,164.4550018310547,164.80999755859375,164.01199340820312,164.4550018310547
2024-12-30,164.6739959716797,164.8730010986328,162.83299255371094,164.6739959716797
2024-12-31,163.38600158691406,163.4040069580078,162.4600067138672,163.38600158691406
2025-01-02,163.25599670410156,163.2779998779297,160.93899536132812,163.25599670410156
2025-01-03,161.55999755859375,162.05299377441406,161.3800048828125,161.55999755859375
2025-01-06,162.28199768066406,163.96800231933594,162.3070068359375,162.28199768066406
2025-01-07,163.79200744628906,164.53700256347656,163.5500030517578,163.79200744628906
2025-01-08,163.66900634765625,163.802001953125,162.8300018310547,163.66900634765625
2025-01-09,163.16200256347656,163.24099731445312,162.39300537109375,163.16200256347656
2025-01-10,162.7480010986328,163.18099975585938,161.2239990234375,162.7480010986328
2025-01-13,161.73699951171875,161.77000427246094,160.05099487304688,161.73699951171875
2025-01-14,161.5290069580078,162.66400146484375,161.18699645996094,161.5290069580078
2025-01-15,162.88299560546875,162.875,160.9199981689453,162.88299560546875
2025-01-16,160.85899353027344,161.0489959716797,159.83999633789062,160.85899353027344
2025-01-17,160.03500366210938,160.9499969482422,159.73399353027344,160.03500366210938
2025-01-20,160.63900756835938,162.2779998779297,160.3159942626953,160.63900756835938
2025-01-21,161.77099609375,162.0800018310547,160.9739990234375,161.77099609375
2025-01-22,162.08799743652344,163.19900512695312,161.9239959716797,162.08799743652344
2025-01-23,162.8209991455078,163.1199951171875,162.26199340820312,162.8209991455078
2025-01-24,162.6320037841797,164.05999755859375,161.94200134277344,162.6320037841797
2025-01-27,163.01800537109375,163.42999267578125,161.5659942626953,163.01800537109375
2025-01-28,161.78900146484375,162.68499755859375,161.65499877929688,161.78900146484375
2025-01-29,162.229248046875,162.4720001220703,161.3000030517578,162.229248046875
2025-01-30,161.75900268554688,161.75900268554688,160.24000549316406,161.75900268554688
2025-01-31,160.20700073242188,161.23399353027344,159.93499755859375,160.20700073242188
2025-02-03,159.19700622558594,159.77499389648438,157.98399353027344,159.19700622558594
2025-02-04,160.3509979248047,160.67999267578125,159.19200134277344,160.3509979248047
2025-02-05,159.86300659179688,160.08200073242188,158.52000427246094,159.86300659179688
2025-02-06,158.71299743652344,158.7469940185547,157.24000549316406,158.71299743652344
2025-02-07,157.01699829101562,157.9929962158203,155.87399291992188,157.01699829101562
2025-02-10,156.56900024414062,157.40899658203125,156.30799865722656,156.56900024414062
2025-02-11,156.32699584960938,157.781005859375,156.25,156.32699584960938
2025-02-12,158.29800415039062,160.6750030517578,158.302001953125,158.29800415039062
2025-02-13,160.28799438476562,161.17599487304688,159.33299255371094,160.28799438476562
2025-02-14,160.03799438476562,160.22999572753906,159.43499755859375,160.03799438476562
2025-02-17,159.45399475097656,159.57699584960938,158.5399932861328,159.45399475097656
2025-02-18,158.7790069580078,159.18899536132812,158.3699951171875,158.7790069580078
2025-02-19,158.73599243164062,159.10899353027344,157.7169952392578,158.73599243164062
2025-02-20,157.58099365234375,157.5800018310547,156.3300018310547,157.58099365234375
2025-02-21,156.87899780273438,158.2050018310547,156.16799926757812,156.87899780273438
2025-02-24,156.468994140625,157.2480010986328,156.10000610351562,156.468994140625
2025-02-25,156.76400756835938,157.28900146484375,156.14300537109375,156.76400756835938
2025-02-26,156.83999633789062,157.1060028076172,156.44500732421875,156.83999633789062
2025-02-27,156.10400390625,157.1999969482422,155.77699279785156,156.10400390625
2025-02-28,155.92799377441406,157.13900756835938,154.81300354003906,155.92799377441406
2025-03-03,156.9969940185547,158.45199584960938,155.927001953125,156.9969940185547
2025-03-04,156.53399658203125,157.14599609375,155.64300537109375,156.53399658203125
2025-03-05,159.14100646972656,160.468994140625,158.7760009765625,159.14100646972656
2025-03-06,160.7209930419922,161.25399780273438,159.13499450683594,160.7209930419922
2025-03-07,159.75900268554688,160.71299743652344,159.29299926757812,159.75900268554688
2025-03-10,160.30299377441406,160.27699279785156,158.95399475097656,160.30299377441406
2025-03-11,159.39999389648438,161.7030029296875,158.98899841308594,159.39999389648438
2025-03-12,161.56399536132812,162.3489990234375,161.2239990234375,161.56399536132812
2025-03-13,161.40699768066406,161.5019989013672,160.29400634765625,161.40699768066406
2025-03-14,160.59800720214844,162.3000030517578,160.5019989013672,160.59800720214844
2025-03-17,161.67999267578125,162.5500030517578,161.5500030517578,161.67999267578125
2025-03-18,163.09500122070312,164.1439971923828,162.97900390625,163.09500122070312
2025-03-19,163.4759979248047,163.86900329589844,162.26800537109375,163.4759979248047
2025-03-20,162.0,162.0260009765625,160.7429962158203,162.0
2025-03-21,161.322998046875,162.12899780273438,160.8730010986328,161.322998046875
2025-03-24,162.1750030517578,162.74899291992188,161.96200561523438,162.1750030517578
2025-03-25,162.88400268554688,163.01800537109375,161.64700317382812,162.88400268554688
2025-03-26,161.74600219726562,162.58099365234375,161.68099975585938,161.74600219726562
2025-03-27,161.6199951171875,163.12899780273438,161.54299926757812,161.6199951171875
2025-03-28,162.91000366210938,163.16200256347656,162.072998046875,162.91000366210938
2025-03-31,161.93800354003906,162.0469970703125,161.08099365234375,161.93800354003906
2025-04-01,162.177001953125,162.28700256347656,160.76499938964844,162.177001953125
2025-04-02,161.6909942626953,163.01699829101562,161.14500427246094,161.6909942626953
2025-04-03,161.24200439453125,162.781005859375,160.63800048828125,161.24200439453125
2025-04-04,161.53599548339844,161.98199462890625,159.05999755859375,161.4810028076172
2025-04-07,159.72999572753906,162.04100036621094,159.2010040283203,159.72999572753906
2025-04-08,161.31100463867188,162.16000366210938,160.25,161.31100463867188
2025-04-09,160.13999938964844,160.83200073242188,159.5,160.13999938964844
2025-04-10,161.41299438476562,161.8560028076172,160.88699340820312,161.41299438476562
2025-04-11,161.822998046875,163.0240020751953,161.3280029296875,161.822998046875
2025-04-14,162.97799682617188,163.156005859375,162.12245178222656,162.97799682617188
2025-04-15,162.40199279785156,162.78599548339844,161.5030059814453,162.40199279785156
2025-04-16,161.6300048828125,162.30499267578125,161.38699340820312,161.6300048828125
2025-04-17,161.71299743652344,162.60000610351562,161.28599548339844,161.71299743652344
2025-04-22,162.16400146484375,162.28700256347656,161.01300048828125,162.16400146484375
2025-04-23,161.96499633789062,162.1490020751953,161.24400329589844,161.96499633789062
2025-04-24,162.2169952392578,162.3719940185547,161.85000610351562,162.2169952392578
2025-04-25,162.46299743652344,163.73500061035156,162.13600158691406,162.46299743652344
2025-04-28,163.1529998779297,163.31500244140625,162.3699951171875,163.1529998779297
2025-04-29,162.2036590576172,162.5330047607422,161.94900512695312,162.2036590576172
2025-04-30,162.0570068359375,162.67999267578125,161.71099853515625,162.0570068359375
2025-05-01,161.9409942626953,164.11900329589844,161.78599548339844,161.9409942626953
2025-05-02,164.2969970703125,164.6009979248047,163.48800659179688,164.2969970703125
2025-05-05,163.7469940185547,163.82200622558594,162.781005859375,163.7469940185547
2025-05-06,162.5,162.92999267578125,161.5800018310547,162.5
2025-05-07,162.2259979248047,163.00999450683594,162.01400756835938,162.2259979248047
2025-05-08,162.61700439453125,163.71600341796875,162.54600524902344,162.61700439453125
2025-05-09,163.8769989013672,163.9080047607422,163.1840057373047,163.8769989013672
2025-05-12,163.74899291992188,164.91299438476562,163.69000244140625,163.74899291992188
2025-05-13,164.5469970703125,165.2010040283203,164.13400268554688,164.5469970703125
2025-05-14,165.01100158691406,165.1490020751953,163.74000549316406,165.01100158691406
2025-05-15,163.9739990234375,164.0469970703125,162.89999389648438,163.9739990234375
2025-05-16,162.96600341796875,163.09500122070312,162.46800231933594,162.96600341796875
2025-05-19,162.54200744628906,163.38099670410156,162.15199279785156,162.54200744628906
2025-05-20,162.83999633789062,163.23800659179688,162.40899658203125,162.83999633789062
2025-05-21,162.91099548339844,163.29400634765625,162.64999389648438,162.91099548339844
2025-05-22,162.87600708007812,162.86399841308594,161.83999633789062,162.87600708007812
2025-05-23,162.28700256347656,162.73800659179688,161.11399841308594,162.28700256347656
2025-05-26,162.46299743652344,162.95899963378906,162.37600708007812,162.46299743652344
2025-05-27,162.4499969482422,163.9219970703125,162.10000610351562,162.4499969482422
2025-05-28,163.44500732421875,163.89199829101562,163.0800018310547,163.44500732421875
2025-05-29,163.66200256347656,164.2469940185547,163.36500549316406,163.66200256347656
2025-05-30,163.5780029296875,163.82000732421875,162.85899353027344,163.5780029296875
2025-06-02,163.2469940185547,163.36599731445312,162.85299682617188,163.2469940185547
2025-06-03,163.13787841796875,163.79299926757812,162.8070068359375,163.13787841796875
2025-06-04,163.74000549316406,164.23399353027344,163.19000244140625,163.74000549316406
2025-06-05,163.02000427246094,164.6439971923828,162.9510040283203,163.02000427246094
2025-06-06,164.39700317382812,165.27999877929688,164.35499572753906,164.39700317382812
2025-06-09,165.04400634765625,165.1529998779297,164.52999877929688,165.04400634765625
2025-06-10,165.16600036621094,165.5279998779297,164.64199829101562,165.16600036621094
2025-06-11,165.63299560546875,166.41299438476562,165.39199829101562,165.63299560546875
2025-06-12,165.947998046875,166.6719970703125,165.49000549316406,165.947998046875
2025-06-13,166.08299255371094,166.5749969482422,164.94000244140625,166.08299255371094
2025-06-16,166.46636962890625,167.20399475097656,166.3509979248047,166.46636962890625
2025-06-17,167.16000366210938,167.59100341796875,166.99899291992188,167.16000366210938
2025-06-18,166.91099548339844,167.04100036621094,166.3280029296875,166.91099548339844
2025-06-19,166.3596649169922,167.281005859375,166.05299377441406,166.3596649169922
2025-06-20,167.1529998779297,168.1230010986328,167.15899658203125,167.1529998779297
2025-06-23,168.1540069580078,169.69900512695312,168.0279998779297,168.1540069580078
2025-06-24,169.2480010986328,169.2050018310547,167.88999938964844,169.2480010986328
2025-06-25,168.29800415039062,169.35800170898438,168.16400146484375,168.29800415039062
2025-06-26,169.2899932861328,169.378662109375,168.5500030517578,169.2899932861328
2025-06-27,169.15699768066406,169.77999877929688,168.656005859375,169.15699768066406
2025-06-30,169.45399475097656,169.72300720214844,168.6999969482422,169.45399475097656
2025-07-01,169.4600067138672,169.6510009765625,168.46099853515625,169.4600067138672
2025-07-02,169.2949981689453,169.76400756835938,169.0780029296875,169.2949981689453
2025-07-03,169.36199951171875,170.5970001220703,169.31900024414062,169.36199951171875
2025-07-04,170.30299377441406,170.36599731445312,169.8509979248047,170.30299377441406
2025-07-07,170.218994140625,171.21099853515625,169.89999389648438,170.218994140625
2025-07-08,171.21499633789062,171.98500061035156,171.18499755859375,171.21499633789062
2025-07-09,172.16099548339844,172.26199340820312,171.35699462890625,172.16099548339844
2025-07-10,171.4010009765625,171.77999877929688,171.0749969482422,171.4010009765625
2025-07-11,171.16700744628906,172.40899658203125,170.81199645996094,171.16700744628906
2025-07-14,172.05999755859375,172.46600341796875,171.72500610351562,172.05999755859375
2025-07-15,172.41000366210938,173.072998046875,172.25599670410156,172.41000366210938
2025-07-16,172.66200256347656,173.21600341796875,171.94000244140625,172.66200256347656
2025-07-17,172.2050018310547,172.6529998779297,171.95799255371094,172.2050018310547
2025-07-18,172.41299438476562,173.11099243164062,172.36599731445312,172.41299438476562
2025-07-21,172.6280059814453,172.656005859375,171.92999267578125,172.6280059814453
2025-07-22,172.3820037841797,172.9219970703125,171.38099670410156,172.3820037841797
2025-07-23,172.30499267578125,172.7169952392578,171.39700317382812,172.30499267578125
2025-07-24,172.30299377441406,172.86599731445312,171.75900268554688,172.30299377441406
2025-07-25,172.80799865722656,173.58900451660156,172.53599548339844,172.80799865722656
2025-07-28,173.76699829101562,173.8730010986328,172.30299377441406,173.76699829101562
2025-07-29,172.17599487304688,172.2969970703125,171.0749969482422,172.17599487304688
2025-07-30,171.4510040283203,171.50900268554688,170.7239990234375,171.4510040283203
2025-07-31,170.5399932861328,172.2790069580078,169.7220001220703,170.5399932861328
2025-08-01,172.22300720214844,172.3719940185547,170.85000610351562,172.22300720214844
2025-08-04,170.7050018310547,171.156005859375,170.13400268554688,170.7050018310547
2025-08-05,170.03500366210938,170.80599975585938,169.82400512695312,170.03500366210938
2025-08-06,170.8489990234375,171.6320037841797,170.61500549316406,170.8489990234375
2025-08-07,171.65499877929688,172.15499877929688,171.3350067138672,171.65499877929688
2025-08-08,171.44900512695312,172.33599853515625,171.40199279785156,171.44900512695312
2025-08-11,171.99099731445312,172.17999267578125,171.56700134277344,171.99099731445312
2025-08-12,171.86000061035156,172.8470001220703,171.86000061035156,172.07899475097656
2025-08-13,172.5330047607422,173.00799560546875,172.25,172.5330047607422
2025-08-14,172.31399536132812,172.25900268554688,170.97000122070312,172.31399536132812
2025-08-15,172.06985473632812,172.1699981689453,171.5,172.06985473632812
2025-08-18,172.38800048828125,172.66200256347656,172.05499267578125,172.38800048828125
2025-08-19,172.58399963378906,172.69200134277344,172.03199768066406,172.58399963378906
2025-08-20,171.9929962158203,171.98800659179688,171.11000061035156,171.9929962158203
2025-08-21,171.6490020751953,172.36300659179688,171.5330047607422,171.6490020751953
2025-08-22,172.31500244140625,172.656005859375,171.875,172.31500244140625
2025-08-25,172.3719940185547,172.63800048828125,172.22900390625,172.3719940185547
2025-08-26,171.6790008544922,172.10299682617188,171.33700561523438,171.6790008544922
2025-08-27,171.6179962158203,171.8979949951172,171.27499389648438,171.6179962158203
2025-08-28,171.58599853515625,171.7779998779297,171.11500549316406,171.58599853515625
2025-08-29,171.4720001220703,171.92300415039062,171.24400329589844,171.4720001220703
2025-09-01,171.95899963378906,172.51400756835938,171.9499969482422,171.95899963378906
2025-09-02,172.3179931640625,173.40199279785156,172.32699584960938,172.3179931640625
2025-09-03,172.81700134277344,173.28399658203125,172.7449951171875,172.81700134277344
2025-09-04,172.5469970703125,173.19900512695312,172.47999572753906,172.5469970703125
2025-09-05,172.95399475097656,173.26300048828125,172.5,172.95399475097656
2025-09-08,173.75599670410156,173.89599609375,173.0760040283203,173.75599670410156
2025-09-09,173.42999267578125,173.4810028076172,172.13299560546875,173.42999267578125
2025-09-10,172.4810028076172,172.89599609375,172.3979949951172,172.4810028076172
2025-09-11,172.43800354003906,173.01800537109375,172.36900329589844,172.43800354003906
2025-09-12,172.76300048828125,173.43499755859375,172.6649932861328,172.76300048828125
2025-09-15,173.14500427246094,173.4340057373047,172.8800048828125,173.14500427246094
2025-09-16,173.39599609375,173.68499755859375,173.0279998779297,173.39599609375
2025-09-17,173.8000030517578,173.78599548339844,173.08799743652344,173.8000030517578
2025-09-18,173.70799255371094,174.45399475097656,173.58999633789062,173.70799255371094
2025-09-19,174.4320068359375,174.47799682617188,173.47900390625,174.4320068359375
2025-09-22,173.81199645996094,174.26499938964844,173.79299926757812,173.81199645996094
2025-09-23,174.32899475097656,174.49099731445312,174.05299377441406,174.32899475097656
2025-09-24,174.3820037841797,174.68800354003906,174.2169952392578,174.3820037841797
2025-09-25,174.6959991455078,174.91000366210938,174.49600219726562,174.6959991455078
2025-09-26,174.7729949951172,175.02999877929688,174.64999389648438,174.7729949951172
2025-09-29,174.8820037841797,174.9029998779297,173.9600067138672,174.8820037841797
2025-09-30,174.3179931640625,174.39599609375,173.406005859375,174.3179931640625
2025-10-01,173.67300415039062,173.91099548339844,172.3459930419922,173.67300415039062
2025-10-02,172.57699584960938,172.9510040283203,172.2689971923828,172.57699584960938
2025-10-03,172.5290069580078,173.22900390625,172.53700256347656,172.5290069580078
2025-10-06,175.21200561523438,176.24600219726562,174.93899536132812,175.21200561523438
2025-10-07,176.03599548339844,176.49600219726562,175.7899932861328,176.03599548339844
2025-10-08,177.19700622558594,177.84500122070312,176.91900634765625,177.19700622558594
2025-10-09,177.5540008544922,177.91400146484375,176.79299926757812,177.5540008544922
2025-10-10,176.93600463867188,177.1179962158203,176.1999969482422,176.93600463867188
2025-10-13,176.41400146484375,176.8820037841797,175.89999389648438,176.41400146484375
2025-10-14,176.31100463867188,176.44000244140625,175.3780059814453,176.31100463867188
2025-10-15,176.04200744628906,176.28700256347656,175.45899963378906,176.04200744628906
2025-10-16,175.81900024414062,176.44000244140625,175.51800537109375,175.81900024414062
2025-10-17,175.6300048828125,175.95700073242188,174.8300018310547,175.6300048828125
2025-10-20,175.9040069580078,176.35899353027344,175.2689971923828,175.9040069580078
2025-10-21,175.55599975585938,176.60499572753906,175.3520050048828,175.55599975585938
2025-10-22,176.19500732421875,176.3769989013672,175.77000427246094,176.19500732421875
2025-10-23,176.39100646972656,177.36000061035156,176.38900756835938,176.39100646972656
2025-10-24,177.29100036621094,177.80299377441406,177.21400451660156,177.29100036621094
2025-10-27,178.0279998779297,178.2220001220703,177.61000061035156,178.0279998779297
2025-10-28,177.90199279785156,177.8769989013672,177.0,177.90199279785156
2025-10-29,176.86700439453125,177.38600158691406,176.6300048828125,176.86700439453125
2025-10-30,177.1999969482422,178.79800415039062,176.83900451660156,177.1999969482422
2025-10-31,178.0989990234375,178.54400634765625,177.44000244140625,178.0989990234375
2025-11-03,177.7449951171875,177.96200561523438,177.22999572753906,177.7449951171875
2025-11-04,177.6199951171875,177.66099548339844,176.08999633789062,177.6199951171875
2025-11-05,176.35800170898438,177.12600708007812,175.718994140625,176.35800170898438
2025-11-06,177.1280059814453,177.20399475097656,176.49000549316406,177.1280059814453
2025-11-07,176.63600158691406,177.58999633789062,176.51600646972656,176.63600158691406
2025-11-10,177.41099548339844,178.44500732421875,177.41099548339844,177.56300354003906
2025-11-11,178.16200256347656,178.70599365234375,178.1199951171875,178.1439971923828
2025-11-12,178.49600219726562,179.43499755859375,178.4709930419922,178.52699279785156
2025-11-13,179.32400512695312,179.91099548339844,179.2239990234375,179.33799743652344
2025-11-14,179.83399963378906,179.96099853515625,178.9810028076172,179.83200073242188
2025-11-17,179.5679931640625,180.00399780273438,179.25599670410156,179.5489959716797
2025-11-18,179.92799377441406,180.18699645996094,179.61500549316406,179.96499633789062
2025-11-19,180.10400390625,180.98599243164062,179.75999450683594,180.13299560546875
2025-11-20,181.16299438476562,181.97900390625,180.97999572753906,181.16000366210938
2025-11-21,181.5330047607422,181.63900756835938,179.77099609375,181.52499389648438
2025-11-24,180.28199768066406,181.2530059814453,180.2779998779297,180.3070068359375
2025-11-25,180.73199462890625,180.8350067138672,180.10800170898438,180.78399658203125
2025-11-26,180.61900329589844,181.42999267578125,180.36199951171875,180.66400146484375
2025-11-27,181.24099731445312,181.3300018310547,180.75900268554688,181.26800537109375
2025-11-28,181.28199768066406,181.50599670410156,180.52655029296875,181.28199768066406
2025-12-01,180.85699462890625,180.9199981689453,180.16000366210938,180.88900756835938
2025-12-02,180.5500030517578,181.35000610351562,180.47000122070312,180.55999755859375
2025-12-03,181.11700439453125,181.44700622558594,180.79600524902344,181.16700744628906
2025-12-04,180.94400024414062,181.281005859375,180.38999938964844,180.95799255371094
2025-12-05,180.6060028076172,180.91799926757812,180.08999633789062,180.6199951171875
2025-12-08,180.78199768066406,181.41700744628906,180.4929962158203,180.81399536132812
2025-12-09,181.41099548339844,182.6300048828125,181.3470001220703,181.38999938964844
2025-12-10,182.3260040283203,182.61000061035156,182.00100708007812,182.36700439453125
2025-12-11,182.24600219726562,182.5449981689453,181.89999389648438,182.28500366210938
2025-12-12,182.55099487304688,183.14500427246094,182.55099487304688,182.62399291992188
2025-12-15,182.9340057373047,182.9969940185547,181.83900451660156,182.96099853515625
2025-12-16,182.21099853515625,182.45899963378906,181.77000427246094,182.21099853515625
2025-12-17,181.83799743652344,182.77999877929688,181.56756591796875,181.8489990234375
2025-12-18,182.56100463867188,183.16700744628906,182.30799865722656,182.572998046875
2025-12-19,182.41200256347656,184.6199951171875,182.41200256347656,182.4250030517578
2025-12-22,184.56399536132812,184.9029998779297,184.2480010986328,184.58399963378906
2025-12-23,184.53900146484375,184.5449981689453,183.45399475097656,184.52200317382812
2025-12-24,184.11099243164062,184.24899291992188,183.3090057373047,184.13699340820312
2025-12-26,184.01499938964844,184.4080047607422,183.83200073242188,183.92999267578125
2025-12-29,184.0489959716797,184.41200256347656,183.47999572753906,184.24000549316406
2025-12-30,183.60899353027344,184.08299255371094,183.41000366210938,183.69000244140625
2025-12-31,183.6719970703125,184.23399353027344,183.5489959716797,183.72000122070312
2026-01-02,184.18099975585938,184.4239959716797,183.71200561523438,184.16299438476562
2026-01-05,183.74400329589844,184.03199768066406,182.80999755859375,183.7469940185547
2026-01-06,183.45799255371094,183.6199951171875,183.0,183.47999572753906
2026-01-07,183.08099365234375,183.36099243164062,182.7100067138672,183.12600708007812
2026-01-08,182.97999572753906,183.23599243164062,182.7209930419922,183.02699279785156
2026-01-09,182.91099548339844,183.94400024414062,182.88299560546875,182.88800048828125
2026-01-12,183.81500244140625,184.65199279785156,183.75,183.82000732421875
2026-01-13,184.33700561523438,185.51800537109375,184.3000030517578,184.32200622558594
2026-01-14,185.33299255371094,185.5590057373047,184.2899932861328,185.32400512695312
2026-01-15,184.5030059814453,184.6230010986328,183.88600158691406,184.4739990234375
2026-01-16,184.08700561523438,184.13900756835938,183.2010040283203,184.10899353027344
2026-01-19,183.1490020751953,184.13099670410156,183.01400756835938,183.1230010986328
2026-01-20,184.10899353027344,185.41799926757812,183.7689971923828,184.10299682617188
2026-01-21,185.45399475097656,185.52099609375,184.81900024414062,185.48199462890625
2026-01-22,184.97000122070312,185.99899291992188,184.80799865722656,184.9600067138672
2026-01-23,186.2760009765625,186.8560028076172,184.99400329589844,186.2899932861328
2026-01-26,184.01100158691406,184.03500366210938,181.80999755859375,183.9949951171875
2026-01-27,183.27200317382812,183.66400146484375,182.38099670410156,183.27000427246094
2026-01-28,183.3719940185547,183.55599975585938,182.55999755859375,183.20700073242188
2026-01-29,183.38099670410156,183.69700622558594,182.1219940185547,183.36000061035156
2026-01-30,183.2779998779297,184.0489959716797,183.04400634765625,183.26600646972656
2026-02-02,183.82699584960938,184.23899841308594,183.20599365234375,183.89199829101562
2026-02-03,183.47500610351562,184.0659942626953,183.4290008544922,183.3939971923828
2026-02-04,184.10899353027344,185.22999572753906,184.04100036621094,184.0800018310547
2026-02-05,185.1739959716797,185.48899841308594,184.61000061035156,185.18299865722656
2026-02-06,184.61900329589844,185.6320037841797,184.3769989013672,184.6490020751953
2026-02-09,185.9669952392578,185.9669952392578,184.86399841308594,185.9499969482422
2026-02-10,185.86700439453125,185.9759979248047,183.4510040283203,185.85499572753906
2026-02-11,183.6649932861328,183.6649932861328,181.69400024414062,183.656005859375
2026-02-12,181.9709930419922,182.51800537109375,180.8280029296875,182.02099609375
2026-02-13,181.31300354003906,182.26499938964844,181.2469940185547,181.3719940185547
2026-02-16,181.30799865722656,182.28900146484375,181.28599548339844,181.30499267578125
2026-02-17,181.97300720214844,181.97300720214844,180.8260040283203,182.0229949951172
2026-02-18,181.46499633789062,182.52099609375,181.40699768066406,181.5
2026-02-19,182.36000061035156,183.13800048828125,182.02200317382812,182.35299682617188
2026-02-20,182.63299560546875,183.03199768066406,182.22999572753906,182.60899353027344
2026-02-23,182.59300231933594,182.80299377441406,182.04100036621094,182.65699768066406
2026-02-24,182.36000061035156,184.1439971923828,182.36000061035156,182.36900329589844
2026-02-25,183.58999633789062,184.7530059814453,183.2259979248047,183.53500366210938
2026-02-26,184.48599243164062,184.5500030517578,183.85299682617188,184.5399932861328
2026-02-27,183.9669952392578,184.48899841308594,183.70799255371094,183.94700622558594
2026-03-02,184.16400146484375,184.68899536132812,183.77200317382812,184.18600463867188
2026-03-03,183.88999938964844,184.30499267578125,182.04600524902344,183.92300415039062
2026-03-04,183.16700744628906,183.1909942626953,182.38699340820312,183.20399475097656
2026-03-05,182.62600708007812,183.0850067138672,182.13999938964844,182.64100646972656
2026-03-06,182.83299255371094,183.24000549316406,182.36500549316406,182.86199951171875
2026-03-09,182.53799438476562,183.3699951171875,182.468994140625,182.5469970703125
2026-03-10,183.36900329589844,183.74600219726562,183.05599975585938,183.35000610351562
2026-03-11,183.55599975585938,184.0679931640625,183.52699279785156,183.57699584960938
2026-03-12,183.61000061035156,183.71299743652344,183.23500061035156,183.61900329589844
2026-03-13,183.43899536132812,183.57899475097656,182.33900451660156,183.4290008544922
2026-03-16,182.44200134277344,183.0030059814453,181.8699951171875,182.45799255371094
2026-03-17,182.96099853515625,183.37600708007812,182.8260040283203,182.9499969482422
2026-03-18,183.35699462890625,183.76100158691406,182.98399353027344,183.36399841308594
2026-03-19,183.19400024414062,183.41000366210938,182.07000732421875,183.1699981689453
2026-03-20,182.79299926757812,183.85400390625,182.58799743652344,182.822998046875
2026-03-23,184.01199340820312,184.32000732421875,183.2830047607422,184.07200622558594
2026-03-24,183.96499633789062,184.07699584960938,183.63600158691406,183.92999267578125
2026-03-25,184.31700134277344,184.5800018310547,184.04100036621094,184.34100341796875
2026-03-26,184.2989959716797,184.4709930419922,183.9810028076172,184.27099609375
2026-03-27,184.22799682617188,184.49600219726562,183.86000061035156,184.2239990234375
2026-03-30,184.1320037841797,184.13499450683594,182.62899780273438,184.1269989013672
2026-03-31,183.04299926757812,183.62600708007812,182.85000610351562,183.1230010986328
2026-04-01,183.41799926757812,184.2469940185547,183.3489990234375,183.47500610351562
2026-04-02,183.90899658203125,184.13600158691406,183.50799560546875,183.8979949951172
2026-04-03,184.02000427246094,184.27000427246094,183.85800170898438,184.05599975585938
2026-04-06,183.88499450683594,184.447998046875,183.70399475097656,183.9010009765625
2026-04-07,184.3070068359375,185.13999938964844,184.25,184.29600524902344
2026-04-08,185.46200561523438,185.46200561523438,184.81700134277344,185.48300170898438
2026-04-09,184.93299865722656,186.20399475097656,184.93299865722656,184.96499633789062
2026-04-10,185.9980010986328,186.78199768066406,185.94000244140625,185.99000549316406
2026-04-13,186.3990020751953,187.06700134277344,186.3990020751953,186.4239959716797
2026-04-14,187.3459930419922,187.50999450683594,187.0800018310547,187.3419952392578
2026-04-15,187.30099487304688,187.62899780273438,187.10499572753906,187.35499572753906
2026-04-16,187.48399353027344,187.531005859375,187.11900329589844,187.5030059814453
2026-04-17,187.54400634765625,187.93499755859375,186.33999633789062,187.55799865722656
2026-04-20,186.8000030517578,187.07699584960938,186.72999572753906,186.843994140625
2026-04-21,187.19500732421875,187.33900451660156,186.99000549316406,187.18600463867188
2026-04-22,187.1510009765625,187.3090057373047,186.7519989013672,187.16600036621094
2026-04-23,186.68899536132812,186.94200134277344,186.43899536132812,186.68600463867188
2026-04-24,186.64100646972656,186.8719940185547,186.4499969482422,186.6479949951172
2026-04-27,186.80099487304688,187.08799743652344,186.6699981689453,186.80799865722656
2026-04-28,186.78199768066406,186.9320068359375,186.08700561523438,186.78500366210938
2026-04-29,186.89999389648438,187.46200561523438,186.6699981689453,186.94200134277344
2026-04-30,187.1959991455078,187.5540008544922,182.36500549316406,187.1820068359375
2026-05-01,184.17300415039062,184.57699584960938,182.6540069580078,184.1490020751953
2026-05-04,183.98800659179688,184.3979949951172,182.8990020751953,183.9429931640625
2026-05-05,183.80999755859375,184.66200256347656,183.64999389648438,183.781005859375
2026-05-06,184.7030029296875,185.0330047607422,182.06300354003906,184.73899841308594
2026-05-07,183.87899780273438,184.1580047607422,183.50999450683594,183.8509979248047
2026-05-08,183.98300170898438,184.49000549316406,183.92999267578125,183.968994140625
2026-05-11,184.61099243164062,185.11599731445312,184.58999633789062,184.57000732421875
2026-05-12,185.19400024414062,185.44500732421875,184.51800537109375,185.19700622558594
2026-05-13,185.04100036621094,185.15199279785156,184.6199951171875,185.0279998779297
2026-05-14,184.93600463867188,185.04400634765625,184.29100036621094,184.92999267578125
2026-05-15,184.72300720214844,184.73599243164062,184.16000366210938,184.69900512695312
2026-05-18,184.51300048828125,185.04100036621094,184.44900512695312,184.48300170898438
2026-05-19,185.14700317382812,185.2010040283203,184.39199829101562,185.14999389648438
2026-05-20,184.58299255371094,184.66900634765625,184.25999450683594,184.58999633789062
2026-05-21,184.69000244140625,184.91600036621094,184.39500427246094,184.68699645996094
2026-05-22,184.73899841308594,184.79299926757812,184.4459991455078,184.74600219726562
2026-05-25,185.01100158691406,185.13499450683594,184.84800720214844,185.0449981689453
2026-05-26,184.9499969482422,185.35299682617188,184.8699951171875,184.94400024414062
2026-05-27,185.31100463867188,185.7729949951172,185.25999450683594,185.30299377441406
2026-05-28,185.3769989013672,185.63299560546875,184.8800048828125,185.3719940185547
2026-05-29,185.59100341796875,185.9709930419922,185.1699981689453,185.58599853515625
2026-06-01,185.64199829101562,185.9720001220703,185.40499877929688,185.6300048828125
2026-06-02,185.7519989013672,186.18800354003906,185.69400024414062,185.7449951171875
2026-06-03,185.91200256347656,185.9929962158203,185.2519989013672,185.90899658203125
2026-06-04,185.67999267578125,186.1009979248047,185.47999572753906,185.677001953125
2026-06-05,185.78399658203125,186.1929931640625,184.7830047607422,185.76800537109375
2026-06-08,184.71400451660156,184.98899841308594,184.0399932861328,184.73199462890625
2026-06-09,184.6529998779297,185.4550018310547,184.61000061035156,184.64999389648438
2026-06-10,184.9969940185547,185.55799865722656,184.9739990234375,185.0019989013672
2026-06-11,185.20199584960938,185.45899963378906,184.80999755859375,185.17100524902344
2026-06-12,185.36199951171875,185.5469970703125,185.1699981689453,185.36500549316406
2026-06-15,185.60400390625,186.04200744628906,185.5970001220703,185.5959930419922
2026-06-16,185.73800659179688,186.28599548339844,185.46200561523438,185.7100067138672
2026-06-17,186.2239990234375,186.30499267578125,185.7100067138672,186.24099731445312
2026-06-18,184.8090057373047,185.19700622558594,184.32000732421875,184.80599975585938
2026-06-19,184.81100463867188,184.95700073242188,184.2899932861328,184.81500244140625
2026-06-22,185.05599975585938,185.38499450683594,184.3699951171875,185.04299926757812
2026-06-23,184.5749969482422,184.83399963378906,183.7779998779297,184.6219940185547
2026-06-24,183.8509979248047,183.89199829101562,183.17300415039062,183.8820037841797
2026-06-25,183.61599731445312,184.0760040283203,183.46499633789062,183.6699981689453
2026-06-26,183.8520050048828,184.82200622558594,183.72000122070312,183.82699584960938
2026-06-29,184.14999389648438,184.9929962158203,184.11900329589844,184.19000244140625
2026-06-30,184.9029998779297,185.82699584960938,184.67999267578125,184.9010009765625
2026-07-01,185.6280059814453,185.70199584960938,184.86000061035156,185.60699462890625
2026-07-02,184.93699645996094,185.0850067138672,183.8699951171875,184.91600036621094
2026-07-03,184.38699340820312,184.59500122070312,184.08399963378906,184.4029998779297
2026-07-06,184.66600036621094,185.4409942626953,184.65899658203125,184.6479949951172
2026-07-07,185.468994140625,185.52200317382812,184.92999267578125,185.4530029296875
2026-07-08,185.11000061035156,185.5500030517578,185.07400512695312,185.11700439453125
2026-07-09,185.61099243164062,185.79299926757812,185.52499389648438,185.63299560546875
2026-07-10,185.593994140625,185.66799926757812,184.46800231933594,185.62899780273438
2026-07-13,184.60400390625,185.4600067138672,184.5399932861328,184.61199951171875
2026-07-14,184.88600158691406,185.47500610351562,184.8000030517578,184.875
2026-07-15,185.30599975585938,185.6009979248047,185.2030029296875,185.2899932861328
2026-07-16,185.90899658203125,186.0070037841797,185.74000549316406,185.88099670410156
2026-07-17,185.8350067138672,185.94500732421875,185.47999572753906,185.83200073242188
2026-07-20,185.71800231933594,185.86500549316406,185.3800048828125,185.70799255371094
2026-07-21,185.48500061035156,186.01100158691406,185.38999938964844,185.47300720214844
2026-07-22,186.0290069580078,186.18499755859375,185.80999755859375,186.06700134277344
2026-07-23,186.10499572753906,186.6529998779297,186.10499572753906,186.0989990234375
2026-07-24,186.41900634765625,186.5970001220703,186.24000549316406,186.38900756835938
2026-07-27,186.4499969482422,186.70899963378906,186.1230010986328,186.43299865722656
2026-07-28,186.19200134277344,186.60299682617188,186.0500030517578,186.19000244140625
2026-07-29,186.53799438476562,186.64999389648438,186.2100067138672,186.57000732421875
2026-07-30,187.21800231933594,187.41099548339844,182.16900634765625,187.25399780273438
2026-07-31,184.58299255371094,185.12100219726562,182.3260040283203,184.5800018310547
2026-08-03,181.99000549316406,182.14300537109375,179.36900329589844,181.8990020751953
2026-08-04,181.29400634765625,181.78599548339844,181.00999450683594,181.2790069580078
2026-08-05,181.89700317382812,182.16099548339844,181.53799438476562,181.85800170898438
2026-08-06,182.18600463867188,182.6199951171875,182.08599853515625,182.14100646972656
2026-08-07,182.58599853515625,182.6699981689453,181.49000549316406,182.5399932861328
2026-08-10,182.46800231933594,183.6490020751953,182.44500732421875,182.468994140625
2026-08-11,183.76499938964844,183.85499572753906,183.59800720214844,183.76199340820312
2026-08-12,183.8489990234375,183.96200561523438,183.38499450683594,183.85000610351562
2026-08-13,183.6790008544922,183.8419952392578,183.51199340820312,183.67300415039062
2026-08-14,183.8800048828125,184.39100646972656,183.62899780273438,183.88499450683594
2026-08-17,184.3090057373047,184.75399780273438,184.13499450683594,184.2790069580078
2026-08-18,184.54299926757812,184.9010009765625,184.54299926757812,184.531005859375
2026-08-19,184.6750030517578,184.86199951171875,183.99099731445312,184.6929931640625
2026-08-20,184.7530059814453,185.56700134277344,184.72999572753906,184.76300048828125
2026-08-21,185.71099853515625,186.0050048828125,185.4499969482422,185.70399475097656
2026-08-24,185.5970001220703,185.78199768066406,185.43699645996094,185.625
2026-08-25,185.68099975585938,185.93699645996094,185.58799743652344,185.6739959716797
2026-08-26,185.88900756835938,185.906005859375,185.35299682617188,185.8800048828125
2026-08-27,185.57200622558594,185.81199645996094,185.46099853515625,185.7050018310547
