date,open,high,low,close
2021-09-01,1.1811953783035278,1.1860004663467407,1.1795096397399902,1.1810280084609985
2021-09-02,1.1842306852340698,1.1872254610061646,1.1834795475006104,1.1840906143188477
2021-09-03,1.1874228715896606,1.1907596588134766,1.186816930770874,1.1876484155654907
2021-09-06,1.1885942220687866,1.1886366605758667,1.1857051849365234,1.1885942220687866
2021-09-07,1.187394618988037,1.1887779235839844,1.1838297843933105,1.1875073909759521
2021-09-08,1.1845533847808838,1.185400128364563,1.1803170442581177,1.184356927871704
2021-09-09,1.1820330619812012,1.1841325759887695,1.1806097030639648,1.1819101572036743
2021-09-10,1.1823545694351196,1.185300350189209,1.1819353103637695,1.1825922727584839
2021-09-13,1.1812511682510376,1.1817537546157837,1.1770604848861694,1.1811953783035278
2021-09-14,1.1810698509216309,1.1846994161605835,1.1801999807357788,1.1811953783035278
2021-09-15,1.18035888671875,1.183300256729126,1.1800997257232666,1.1804981231689453
2021-09-16,1.1819353103637695,1.1823126077651978,1.1751710176467896,1.1819995641708374
2021-09-17,1.17648446559906,1.1789672374725342,1.1729655265808105,1.176747441291809
2021-09-20,1.1728830337524414,1.1737089157104492,1.1700559854507446,1.1729930639266968
2021-09-21,1.1725666522979736,1.1748948097229004,1.1715912818908691,1.1730204820632935
2021-09-22,1.1726078987121582,1.1744533777236938,1.1717147827148438,1.17229163646698
2021-09-23,1.1688934564590454,1.175100564956665,1.1684194803237915,1.168770432472229
2021-09-24,1.1741775274276733,1.1748120784759521,1.1701655387878418,1.1740258932113647
2021-09-27,1.1722092628479004,1.1728004217147827,1.1686612367630005,1.1723054647445679
2021-09-28,1.1696043014526367,1.1705996990203857,1.1669973134994507,1.1696795225143433
2021-09-29,1.168688416481018,1.1691995859146118,1.1610087156295776,1.1686338186264038
2021-09-30,1.1602274179458618,1.161170482635498,1.1570056676864624,1.1601601839065552
2021-10-01,1.1574207544326782,1.1608995199203491,1.1563901901245117,1.1574475765228271
2021-10-04,1.160725712776184,1.1640088558197021,1.1588560342788696,1.160725712776184
2021-10-05,1.1616560220718384,1.16225004196167,1.1583056449890137,1.1618449687957764
2021-10-06,1.1595144271850586,1.1599582433700562,1.1530168056488037,1.1596084833145142
2021-10-07,1.1555349826812744,1.157139539718628,1.1549345254898071,1.1555349826812744
2021-10-08,1.1559224128723145,1.1583727598190308,1.1542545557022095,1.1559758186340332
2021-10-11,1.1565908193588257,1.1587486267089844,1.15529465675354,1.1566041707992554
2021-10-12,1.15529465675354,1.1570056676864624,1.1533892154693604,1.1553747653961182
2021-10-13,1.1530966758728027,1.1579005718231201,1.1530567407608032,1.15340256690979
2021-10-14,1.1599582433700562,1.162500023841858,1.1584665775299072,1.1599582433700562
2021-10-15,1.1590708494186401,1.1619800329208374,1.1588828563690186,1.159151554107666
2021-10-18,1.159595012664795,1.1612108945846558,1.1573002338409424,1.1597026586532593
2021-10-19,1.1614537239074707,1.1670000553131104,1.1614537239074707,1.161386251449585
2021-10-20,1.1633858680725098,1.1654006242752075,1.1618045568466187,1.1631964445114136
2021-10-21,1.165243148803711,1.1669973134994507,1.1633182764053345,1.1655012369155884
2021-10-22,1.1625880002975464,1.1654061079025269,1.1622366905212402,1.1625338792800903
2021-10-25,1.1641308069229126,1.1668611764907837,1.159326195716858,1.1640088558197021
2021-10-26,1.161170482635498,1.1629002094268799,1.1585874557495117,1.161170482635498
2021-10-27,1.1598236560821533,1.162439227104187,1.1585336923599243,1.1598236560821533
2021-10-28,1.1598910093307495,1.1693171262741089,1.158319115638733,1.1600120067596436
2021-10-29,1.1683744192123413,1.1691803932189941,1.1546677350997925,1.1683608293533325
2021-11-01,1.1559356451034546,1.159326195716858,1.1546677350997925,1.1556684970855713
2021-11-02,1.1601735353469849,1.1614995002746582,1.1579166650772095,1.1599582433700562
2021-11-03,1.158077597618103,1.159900426864624,1.1563634872436523,1.1579434871673584
2021-11-04,1.1615750789642334,1.1617100238800049,1.152923822402954,1.1615750789642334
2021-11-05,1.1556684970855713,1.1564704179763794,1.151410460472107,1.1555349826812744
2021-11-08,1.1568450927734375,1.1595547199249268,1.1551746129989624,1.1568851470947266
2021-11-09,1.1588693857192993,1.1609008312225342,1.157019019126892,1.159151554107666
2021-11-10,1.159366488456726,1.1598236560821533,1.1513441801071167,1.1595547199249268
2021-11-11,1.1485671997070312,1.1491611003875732,1.1454885005950928,1.148593544960022
2021-11-12,1.1447803974151611,1.1459873914718628,1.1434059143066406,1.145081877708435
2021-11-15,1.1442302465438843,1.1464208364486694,1.1416958570480347,1.144164800643921
2021-11-16,1.1367381811141968,1.1387006044387817,1.1330673694610596,1.1366478204727173
2021-11-17,1.1316184997558594,1.1334000825881958,1.127052664756775,1.1321182250976562
2021-11-18,1.1318106651306152,1.1359764337539673,1.1315033435821533,1.1321182250976562
2021-11-19,1.1370097398757935,1.1370097398757935,1.1252391338348389,1.1368415355682373
2021-11-22,1.1275737285614014,1.1290504932403564,1.123822808265686,1.1275737285614014
2021-11-23,1.1243535280227661,1.1273448467254639,1.12271249294281,1.12421452999115
2021-11-24,1.1243914365768433,1.1254544258117676,1.1187809705734253,1.1244926452636719
2021-11-25,1.1206992864608765,1.1230907440185547,1.1203980445861816,1.1202975511550903
2021-11-26,1.1209003925323486,1.1322002410888672,1.1207997798919678,1.1209630966186523
2021-11-29,1.1291142702102661,1.12980055809021,1.125885248184204,1.1293182373046875
2021-11-30,1.1293565034866333,1.1381744146347046,1.1246063709259033,1.1293437480926514
2021-12-01,1.1330032348632812,1.1358473300933838,1.1304160356521606,1.1330289840698242
2021-12-02,1.1319644451141357,1.1348161697387695,1.1301862001419067,1.1319515705108643
2021-12-03,1.130684494972229,1.1331830024719238,1.1267352104187012,1.1306205987930298
2021-12-06,1.1302627325057983,1.1310003995895386,1.1269001960754395,1.1304799318313599
2021-12-07,1.1284515857696533,1.1299434900283813,1.1231285333633423,1.128668189048767
2021-12-08,1.1273066997528076,1.1339025497436523,1.12696373462677,1.1276500225067139
2021-12-09,1.1344043016433716,1.1345586776733398,1.1279425621032715,1.1345586776733398
2021-12-10,1.129407525062561,1.1322592496871948,1.1267352104187012,1.1293309926986694
2021-12-13,1.1311193704605103,1.1316057443618774,1.126354455947876,1.131183385848999
2021-12-14,1.1283371448516846,1.13275945186615,1.1266590356826782,1.1285407543182373
2021-12-15,1.1258726119995117,1.1278001070022583,1.1249226331710815,1.1261261701583862
2021-12-16,1.1293054819107056,1.1363636255264282,1.1282098293304443,1.1290758848190308
2021-12-17,1.1335426568984985,1.13490629196167,1.1268366575241089,1.1334141492843628
2021-12-20,1.1242523193359375,1.130454421043396,1.1237343549728394,1.1243535280227661
2021-12-21,1.1276754140853882,1.1303266286849976,1.1261768341064453,1.1277517080307007
2021-12-22,1.1290504932403564,1.134199619293213,1.1265320777893066,1.128757357597351
2021-12-23,1.1330161094665527,1.1345586776733398,1.1291524171829224,1.1328877210617065
2021-12-24,1.1324644088745117,1.134429931640625,1.1308379173278809,1.132733702659607
2021-12-27,1.132387399673462,1.1335002183914185,1.1304160356521606,1.1324259042739868
2021-12-28,1.1329776048660278,1.1336004734039307,1.1290377378463745,1.1330032348632812
2021-12-29,1.1313369274139404,1.137000560760498,1.1275355815887451,1.1314777135849
2021-12-30,1.1359764337539673,1.1359764337539673,1.1300712823867798,1.1360150575637817
2021-12-31,1.1323232650756836,1.1379153728485107,1.1305055618286133,1.132502794265747
2022-01-03,1.1373846530914307,1.1375917196273804,1.1285407543182373,1.1373459100723267
2022-01-04,1.1301988363265991,1.1323001384735107,1.1273448467254639,1.1302244663238525
2022-01-05,1.1285407543182373,1.1345586776733398,1.1277644634246826,1.1283625364303589
2022-01-06,1.1312217712402344,1.1330673694610596,1.1285535097122192,1.1313496828079224
2022-01-07,1.129586100578308,1.1359764337539673,1.1290504932403564,1.1296881437301636
2022-01-10,1.135344386100769,1.1359764337539673,1.1288337707519531,1.1353960037231445
2022-01-11,1.1332728862762451,1.136899709701538,1.1315544843673706,1.1330417394638062
2022-01-12,1.1370097398757935,1.1433000564575195,1.1355764865875244,1.1366478204727173
2022-01-13,1.1439814567565918,1.1479079723358154,1.1436413526535034,1.144164800643921
2022-01-14,1.14565908908844,1.148369312286377,1.1410053968429565,1.1457115411758423
2022-01-17,1.1412137746810913,1.143458366394043,1.1393154859542847,1.1410704851150513
2022-01-18,1.141291856765747,1.1423349380493164,1.1329647302627563,1.1410574913024902
2022-01-19,1.1330032348632812,1.1356796026229858,1.1319515705108643,1.1329647302627563
2022-01-20,1.134352684020996,1.136893391609192,1.1330161094665527,1.1343399286270142
2022-01-21,1.1315417289733887,1.1361054182052612,1.1302244663238525,1.1313753128051758
2022-01-24,1.1340954303741455,1.1340954303741455,1.1291396617889404,1.1341469287872314
2022-01-25,1.132387399673462,1.132502794265747,1.1266844272613525,1.1324130296707153
2022-01-26,1.130352258682251,1.1313496828079224,1.1272051334381104,1.130454421043396
2022-01-27,1.1242270469665527,1.12447988986969,1.1133501529693604,1.1243535280227661
2022-01-28,1.1146159172058105,1.1170064210891724,1.1123347282409668,1.1147029399871826
2022-01-31,1.115138053894043,1.121692419052124,1.114504098892212,1.1152374744415283
2022-02-01,1.12291419506073,1.1279042959213257,1.1222084760665894,1.12296462059021
2022-02-02,1.1273066997528076,1.132939100265503,1.126697063446045,1.1273956298828125
2022-02-03,1.1299946308135986,1.1450687646865845,1.1272051334381104,1.1299946308135986
2022-02-04,1.1435105800628662,1.148369312286377,1.1413440704345703,1.14357590675354
2022-02-07,1.1454622745513916,1.1460003852844238,1.1416698694229126,1.145514726638794
2022-02-08,1.144086241722107,1.145081877708435,1.1397050619125366,1.1442956924438477
2022-02-09,1.1421130895614624,1.1447004079818726,1.1403288841247559,1.142126202583313
2022-02-10,1.142126202583313,1.1494252681732178,1.1380836963653564,1.142152190208435
2022-02-11,1.1411746740341187,1.1419005393981934,1.1371259689331055,1.1415525674819946
2022-02-14,1.1365832090377808,1.136893391609192,1.1292799711227417,1.1365057229995728
2022-02-15,1.1306078433990479,1.1368803977966309,1.1305822134017944,1.1306334733963013
2022-02-16,1.135563611984253,1.1393154859542847,1.1345458030700684,1.1356796026229858
2022-02-17,1.1373329162597656,1.1386927366256714,1.13275945186615,1.1375269889831543
2022-02-18,1.1363893747329712,1.137669324874878,1.131580114364624,1.1366478204727173
2022-02-21,1.131733775138855,1.1385631561279297,1.1314136981964111,1.131721019744873
2022-02-22,1.1309658288955688,1.1363766193389893,1.1289101839065552,1.1309658288955688
2022-02-23,1.1330546140670776,1.1359764337539673,1.1307356357574463,1.13291335105896
2022-02-24,1.1305949687957764,1.1305949687957764,1.1110494136810303,1.1305694580078125
2022-02-25,1.1190814971923828,1.1266082525253296,1.1168068647384644,1.11906898021698
2022-02-28,1.118105411529541,1.1244546175003052,1.1143178939819336,1.118105411529541
2022-03-01,1.1214659214019775,1.1232168674468994,1.1102105379104614,1.1215918064117432
2022-03-02,1.1131023168563843,1.1141936779022217,1.1058521270751953,1.1132758855819702
2022-03-03,1.1113580465316772,1.111605167388916,1.1039842367172241,1.1112345457077026
2022-03-04,1.1069294214248657,1.1069294214248657,1.0890042781829834,1.1066844463348389
2022-03-07,1.087393879890442,1.0930753946304321,1.0808590650558472,1.087453007698059
2022-03-08,1.08695650100708,1.0922157764434814,1.0851165056228638,1.0865312814712524
2022-03-09,1.0900845527648926,1.1091147661209106,1.0897876024246216,1.0898232460021973
2022-03-10,1.1073338985443115,1.1116174459457397,1.0982131958007812,1.107382893562317
2022-03-11,1.1012123823165894,1.104191541671753,1.0934697389602661,1.1013944149017334
2022-03-14,1.0932546854019165,1.0986958742141724,1.0902509689331055,1.093206763267517
2022-03-15,1.094534993171692,1.1018311977386475,1.093948245048523,1.0943193435668945
2022-03-16,1.0967316627502441,1.1038745641708374,1.0955781936645508,1.0969363451004028
2022-03-17,1.102244257926941,1.1110494136810303,1.1021226644515991,1.1021955013275146
2022-03-18,1.1098902225494385,1.1117905378341675,1.1005337238311768,1.1099518537521362
2022-03-21,1.1042159795761108,1.1066721677780151,1.1026087999343872,1.1043134927749634
2022-03-22,1.1016370058059692,1.1045695543289185,1.0961546897888184,1.101722002029419
2022-03-23,1.1030100584030151,1.1042001247406006,1.096575379371643,1.1029735803604126
2022-03-24,1.1006306409835815,1.101333737373352,1.0969964265823364,1.1006306409835815
2022-03-25,1.100897192955017,1.1038745641708374,1.0982975959777832,1.1009578704833984
2022-03-28,1.098189115524292,1.0996744632720947,1.094534993171692,1.098189115524292
2022-03-29,1.0993843078613281,1.1136353015899658,1.097044587135315,1.0993843078613281
2022-03-30,1.1091516017913818,1.1170001029968262,1.108905553817749,1.1091516017913818
2022-03-31,1.1161835193634033,1.1183055639266968,1.1074001789093018,1.1161835193634033
2022-04-01,1.1072357892990112,1.1075423955917358,1.1029735803604126,1.1072357892990112
2022-04-04,1.1047282218933105,1.1057054996490479,1.0980926752090454,1.1047282218933105
2022-04-05,1.0975863933563232,1.0991426706314087,1.092132329940796,1.0975863933563232
2022-04-06,1.090643286705017,1.0937448740005493,1.0875712633132935,1.090643286705017
2022-04-07,1.0898232460021973,1.0935057401657104,1.08672034740448,1.0898232460021973
2022-04-08,1.0864840745925903,1.0891940593719482,1.0836936235427856,1.0864840745925903
2022-04-11,1.0884946584701538,1.0932785272598267,1.0874648094177246,1.0884946584701538
2022-04-12,1.0877959728240967,1.0903936624526978,1.0851871967315674,1.0877959728240967
2022-04-13,1.0826143026351929,1.0873819589614868,1.0810343027114868,1.0826143026351929
2022-04-14,1.089656949043274,1.0922634601593018,1.0758588314056396,1.089656949043274
2022-04-15,1.0820988416671753,1.0823447704315186,1.0798786878585815,1.0820988416671753
2022-04-18,1.081525444984436,1.081583857536316,1.0783647298812866,1.081525444984436
2022-04-19,1.0781787633895874,1.081209659576416,1.0761945247650146,1.0781787633895874
2022-04-20,1.0794472694396973,1.08672034740448,1.0784810781478882,1.0794472694396973
2022-04-21,1.0849870443344116,1.0934697389602661,1.082438588142395,1.0849870443344116
2022-04-22,1.0835175514221191,1.0854227542877197,1.077284336090088,1.0835175514221191
2022-04-25,1.0811045169830322,1.081221342086792,1.0700336694717407,1.0811045169830322
2022-04-26,1.0714209079742432,1.0738831758499146,1.0644639730453491,1.0714209079742432
2022-04-27,1.0643619298934937,1.0656436681747437,1.0516685247421265,1.0643619298934937
2022-04-28,1.0555092096328735,1.056222677230835,1.0472848415374756,1.0555092096328735
2022-04-29,1.0504201650619507,1.0590416193008423,1.0505415201187134,1.0504201650619507
2022-05-02,1.0535964965820312,1.056769609451294,1.0503981113433838,1.0535964965820312
2022-05-03,1.0509058237075806,1.0577645301818848,1.0494390726089478,1.0509058237075806
2022-05-04,1.0528532266616821,1.0566357374191284,1.0506519079208374,1.0528532266616821
2022-05-05,1.0622477531433105,1.0639996528625488,1.0504642724990845,1.0622477531433105
2022-05-06,1.0539740324020386,1.0598385334014893,1.048536777496338,1.0539740324020386
2022-05-09,1.053219199180603,1.0572165250778198,1.0496593713760376,1.053219199180603
2022-05-10,1.056579828262329,1.0585819482803345,1.0527312755584717,1.056579828262329
2022-05-11,1.0532968044281006,1.0575631856918335,1.0507071018218994,1.0532968044281006
2022-05-12,1.05124831199646,1.0529751777648926,1.0373551845550537,1.05124831199646
2022-05-13,1.0379581451416016,1.041938066482544,1.0351966619491577,1.0379581451416016
2022-05-16,1.0400632619857788,1.0437977313995361,1.0391337871551514,1.0400632619857788
2022-05-17,1.0438958406448364,1.055375576019287,1.0432424545288086,1.0438958406448364
2022-05-18,1.0547856092453003,1.0564124584197998,1.0492409467697144,1.0547856092453003
2022-05-19,1.0472739934921265,1.0598047971725464,1.0466053485870361,1.0472739934921265
2022-05-20,1.057898759841919,1.05988347530365,1.0541073083877563,1.057898759841919
2022-05-23,1.0569819211959839,1.069027066230774,1.0568702220916748,1.0569819211959839
2022-05-24,1.0682048797607422,1.0746333599090576,1.0662003755569458,1.0682048797607422
2022-05-25,1.0736525058746338,1.0736525058746338,1.064407229423523,1.0736525058746338
2022-05-26,1.0686614513397217,1.0728693008422852,1.0664504766464233,1.0686614513397217
2022-05-27,1.0732953548431396,1.0765074491500854,1.0698047876358032,1.0732953548431396
2022-05-30,1.0731456279754639,1.078515887260437,1.0727427005767822,1.0731456279754639
2022-05-31,1.0773539543151855,1.0774933099746704,1.068216323852539,1.0773539543151855
2022-06-01,1.0734105110168457,1.0736640691757202,1.063173770904541,1.0734105110168457
2022-06-02,1.0654165744781494,1.0738486051559448,1.064565896987915,1.0654165744781494
2022-06-03,1.0751069784164429,1.0765421390533447,1.0706638097763062,1.0751069784164429
2022-06-06,1.0726046562194824,1.0752688646316528,1.0686043500900269,1.0726046562194824
2022-06-07,1.0691413879394531,1.0708931684494019,1.0652804374694824,1.0691413879394531
2022-06-08,1.0698620080947876,1.0748296976089478,1.0673270225524902,1.0698620080947876
2022-06-09,1.071765422821045,1.0770059823989868,1.0647132396697998,1.071765422821045
2022-06-10,1.0619205236434937,1.0642147064208984,1.0507733821868896,1.0619205236434937
2022-06-13,1.0489987134933472,1.0497585535049438,1.041905403137207,1.0489987134933472
2022-06-14,1.0415147542953491,1.0482399463653564,1.0398253202438354,1.0415147542953491
2022-06-15,1.0440592765808105,1.0507181882858276,1.0386265516281128,1.0440592765808105
2022-06-16,1.0456204414367676,1.0530306100845337,1.0382598638534546,1.0456204414367676
2022-06-17,1.0546854734420776,1.0551751852035522,1.0445609092712402,1.0546854734420776
2022-06-20,1.049141764640808,1.0545185804367065,1.048635721206665,1.049141764640808
2022-06-21,1.0520778894424438,1.058189868927002,1.0514252185821533,1.0520778894424438
2022-06-22,1.053263545036316,1.0602879524230957,1.0471861362457275,1.053263545036316
2022-06-23,1.0564124584197998,1.058066725730896,1.0484488010406494,1.0564124584197998
2022-06-24,1.052011489868164,1.0569148063659668,1.0513699054718018,1.052011489868164
2022-06-27,1.0566133260726929,1.0614246129989624,1.0550860166549683,1.0566133260726929
2022-06-28,1.0580891370773315,1.0605015754699707,1.0505746603012085,1.0580891370773315
2022-06-29,1.0523545742034912,1.053629755973816,1.0468025207519531,1.0523545742034912
2022-06-30,1.04465913772583,1.047877550125122,1.0383893251419067,1.04465913772583
2022-07-01,1.0477677583694458,1.0477896928787231,1.036989450454712,1.0477677583694458
2022-07-04,1.0433948040008545,1.0463534593582153,1.041807770729065,1.0433948040008545
2022-07-05,1.0433186292648315,1.0448557138442993,1.0237300395965576,1.0433186292648315
2022-07-06,1.0257673263549805,1.0273902416229248,1.0162187814712524,1.0257673263549805
2022-07-07,1.0186411142349243,1.0219202041625977,1.015331506729126,1.0186411142349243
2022-07-08,1.0169836282730103,1.0191082954406738,1.007973074913025,1.0169836282730103
2022-07-11,1.0166114568710327,1.0167768001556396,1.0054292678833008,1.0166114568710327
2022-07-12,1.004752516746521,1.007384181022644,1.0001100301742554,1.004752516746521
2022-07-13,1.0033109188079834,1.011623501777649,0.9998899698257446,1.0033109188079834
2022-07-14,1.0032706260681152,1.0049240589141846,0.9953616261482239,1.0032706260681152
2022-07-15,1.0025665760040283,1.009795069694519,1.0010610818862915,1.0025665760040283
2022-07-18,1.009631872177124,1.0198878049850464,1.008237361907959,1.009631872177124
2022-07-19,1.0145177841186523,1.0268205404281616,1.0125659704208374,1.0145177841186523
2022-07-20,1.0231330394744873,1.0271897315979004,1.0175942182540894,1.0231330394744873
2022-07-21,1.0182781219482422,1.0275379419326782,1.016311764717102,1.0182781219482422
2022-07-22,1.0221081972122192,1.025514841079712,1.0133970975875854,1.0221081972122192
2022-07-25,1.0200231075286865,1.0256409645080566,1.0180604457855225,1.0200231075286865
2022-07-26,1.022494912147522,1.0249052047729492,1.011398434638977,1.022494912147522
2022-07-27,1.0129557847976685,1.0171905755996704,1.0107442140579224,1.0129557847976685
2022-07-28,1.0209290981292725,1.0233110189437866,1.0115723609924316,1.0209290981292725
2022-07-29,1.0192328691482544,1.0253781080245972,1.014857530593872,1.0192328691482544
2022-08-01,1.0208247900009155,1.0277491807937622,1.0209603309631348,1.0208247900009155
2022-08-02,1.0261356830596924,1.0293148756027222,1.0183714628219604,1.0261356830596924
2022-08-03,1.015568733215332,1.020762324333191,1.0123199224472046,1.015568733215332
2022-08-04,1.015764594078064,1.0232481956481934,1.0155996084213257,1.015764594078064
2022-08-05,1.024779200553894,1.0249052047729492,1.014363408088684,1.024779200553894
2022-08-08,1.0170871019363403,1.0221813917160034,1.0160020589828491,1.0170871019363403
2022-08-09,1.0197629928588867,1.0246951580047607,1.0189213752746582,1.0197629928588867
2022-08-10,1.0208144187927246,1.0369141101837158,1.0203040838241577,1.0208144187927246
2022-08-11,1.0300782918930054,1.036591649055481,1.0276330709457397,1.0300782918930054
2022-08-12,1.0316723585128784,1.0327378511428833,1.0239607095718384,1.0316723585128784
2022-08-15,1.0256409645080566,1.0267151594161987,1.0182262659072876,1.0256409645080566
2022-08-16,1.0161981582641602,1.019440770149231,1.0123404264450073,1.0161981582641602
2022-08-17,1.0170663595199585,1.019783854484558,1.0148060321807861,1.0170663595199585
2022-08-18,1.0180189609527588,1.0193679332733154,1.0113166570663452,1.0180189609527588
2022-08-19,1.0089900493621826,1.011224627494812,1.003623127937317,1.0089900493621826
2022-08-22,1.0035223960876465,1.0048232078552246,0.99277263879776,1.0035223960876465
2022-08-23,0.9939467906951904,1.0019036531448364,0.9903146624565125,0.9939467906951904
2022-08-24,0.9966909885406494,0.9998200535774231,0.9911981225013733,0.9966909885406494
2022-08-25,0.9969095587730408,1.0030593872070312,0.995678722858429,0.9969095587730408
2022-08-26,0.9971283078193665,1.0088272094726562,0.9947279095649719,0.9971283078193665
2022-08-29,0.993867814540863,1.0031095743179321,0.9914930462837219,0.993867814540863
2022-08-30,1.0014019012451172,1.0052272081375122,0.998342752456665,1.0014019012451172
2022-08-31,1.0025062561035156,1.0077394247055054,0.9971680045127869,1.0025062561035156
2022-09-01,1.003905177116394,1.0045808553695679,0.9917388558387756,1.003905177116394
2022-09-02,0.995232880115509,1.0033310651779175,0.9951239228248596,0.995232880115509
2022-09-05,0.9909427762031555,0.9943521022796631,0.9880836606025696,0.9909427762031555
2022-09-06,0.9952229857444763,0.9985321760177612,0.9865143895149231,0.9952229857444763
2022-09-07,0.9897951483726501,0.9955201148986816,0.9877811670303345,0.9897951483726501
2022-09-08,0.9995701909065247,1.00290846824646,0.9933445453643799,0.9995701909065247
2022-09-09,1.0012015104293823,1.011224627494812,1.000930905342102,1.0012015104293823
2022-09-12,1.0071406364440918,1.0196797847747803,1.0064716339111328,1.0071406364440918
2022-09-13,1.0129557847976685,1.018744945526123,0.9995802044868469,1.0129557847976685
2022-09-14,0.9982032775878906,1.0022751092910767,0.9963633418083191,0.9982032775878906
2022-09-15,0.9984025359153748,1.0017931461334229,0.9957482218742371,0.9984025359153748
2022-09-16,0.9988313317298889,1.0035626888275146,0.994579553604126,0.9988313317298889
2022-09-19,1.002234935760498,1.002807855606079,0.9966810345649719,1.002234935760498
2022-09-20,1.0029587745666504,1.0050251483917236,0.9957084655761719,1.0029587745666504
2022-09-21,0.997078537940979,0.9974067807197571,0.9869135022163391,0.997078537940979
2022-09-22,0.983071506023407,0.9906188249588013,0.9811038970947266,0.983071506023407
2022-09-23,0.9841550588607788,0.9852216839790344,0.9703933596611023,0.9841550588607788
2022-09-26,0.968992292881012,0.9699885249137878,0.9582307934761047,0.968992292881012
2022-09-27,0.9623712301254272,0.9670057892799377,0.9594534635543823,0.9623712301254272
2022-09-28,0.9596191644668579,0.9686262011528015,0.954016387462616,0.9596191644668579
2022-09-29,0.9708172082901001,0.9787322282791138,0.9638276100158691,0.9708172082901001
2022-09-30,0.9829555749893188,0.9849985241889954,0.9736055731773376,0.9829555749893188
2022-10-03,0.9792688488960266,0.9844263195991516,0.9753623604774475,0.9792688488960266
2022-10-04,0.9832068681716919,0.998013973236084,0.9806710481643677,0.9832068681716919
2022-10-05,0.998432457447052,0.9994204044342041,0.9835453629493713,0.998432457447052
2022-10-06,0.9910998940467834,0.9926347136497498,0.9789333343505859,0.9910998940467834
2022-10-07,0.9789045453071594,0.9816046953201294,0.9731696844100952,0.9789045453071594
2022-10-10,0.9735012650489807,0.9752291440963745,0.96825110912323,0.9735012650489807
2022-10-11,0.9710057377815247,0.975809633731842,0.9673987030982971,0.9710057377815247
2022-10-12,0.9700167775154114,0.9733022451400757,0.9669683575630188,0.9700167775154114
2022-10-13,0.9707984328269958,0.979508638381958,0.9635953307151794,0.9707984328269958
2022-10-14,0.975134015083313,0.9803825616836548,0.9709492325782776,0.975134015083313
2022-10-17,0.973937451839447,0.9847074747085571,0.9724504947662354,0.973937451839447
2022-10-18,0.9846396446228027,0.9873617887496948,0.9814602136611938,0.9846396446228027
2022-10-19,0.9863878488540649,0.9866993427276611,0.9760192036628723,0.9863878488540649
2022-10-20,0.9766482710838318,0.9845135807991028,0.9755526185035706,0.9766482710838318
2022-10-21,0.9778899550437927,0.9856975078582764,0.9707323908805847,0.9778899550437927
2022-10-24,0.9860085844993591,0.9889631271362305,0.9808922410011292,0.9860085844993591
2022-10-25,0.9886503219604492,0.9975360631942749,0.9852216839790344,0.9886503219604492
2022-10-26,0.9963731169700623,1.0080543756484985,0.9944608211517334,0.9963731169700623
2022-10-27,1.009193778038025,1.0094891786575317,0.9976455569267273,1.009193778038025
2022-10-28,0.9967803955078125,0.9998999834060669,0.9931473135948181,0.9967803955078125
2022-10-31,0.9955002665519714,0.9968101382255554,0.9873520135879517,0.9955002665519714
2022-11-01,0.9886307716369629,0.9951634407043457,0.9862127304077148,0.9886307716369629
2022-11-02,0.9877909421920776,0.9913553595542908,0.9867576956748962,0.9877909421920776
2022-11-03,0.9814409017562866,0.9839614629745483,0.9731224179267883,0.9814409017562866
2022-11-04,0.9749630093574524,0.993818461894989,0.9748489260673523,0.9749630093574524
2022-11-07,0.9928810596466064,1.0005003213882446,0.9919454455375671,0.9928810596466064
2022-11-08,1.0018634796142578,1.0094178915023804,0.9976056814193726,1.0018634796142578
2022-11-09,1.008084774017334,1.0088781118392944,1.0012515783309937,1.008084774017334
2022-11-10,1.0019538402557373,1.018298864364624,0.9937788844108582,1.0019538402557373
2022-11-11,1.0192224979400635,1.0338374376296997,1.016621708869934,1.0192224979400635
2022-11-14,1.0328551530838013,1.0350252389907837,1.0273585319519043,1.0328551530838013
2022-11-15,1.0319278240203857,1.0475481748580933,1.031385064125061,1.0319278240203857
2022-11-16,1.0357863903045654,1.0437324047088623,1.0336451530456543,1.0357863903045654
2022-11-17,1.0395010709762573,1.040571928024292,1.0309491157531738,1.0395010709762573
2022-11-18,1.036172866821289,1.0395874977111816,1.0328017473220825,1.036172866821289
2022-11-21,1.0330898761749268,1.0333247184753418,1.022704005241394,1.0330898761749268
2022-11-22,1.0245691537857056,1.0290182828903198,1.0243382453918457,1.0245691537857056
2022-11-23,1.0311086177825928,1.0382059812545776,1.0298130512237549,1.0311086177825928
2022-11-24,1.0416233539581299,1.0448229312896729,1.0383676290512085,1.0416233539581299
2022-11-25,1.040810227394104,1.0429050922393799,1.0356147289276123,1.040810227394104
2022-11-28,1.0367528200149536,1.0496704578399658,1.0342438220977783,1.0367528200149536
2022-11-29,1.034554123878479,1.039414644241333,1.032545804977417,1.034554123878479
2022-11-30,1.0324499607086182,1.0394577980041504,1.0292301177978516,1.0324499607086182
2022-12-01,1.042535424232483,1.053141474723816,1.0397928953170776,1.042535424232483
2022-12-02,1.052842140197754,1.0545185804367065,1.0434166193008423,1.052842140197754
2022-12-05,1.0544185638427734,1.0594117641448975,1.0492409467697144,1.0544185638427734
2022-12-06,1.0496923923492432,1.0532081127166748,1.0477018356323242,1.0496923923492432
2022-12-07,1.0469011068344116,1.0546187162399292,1.0443755388259888,1.0469011068344116
2022-12-08,1.051325798034668,1.0563119649887085,1.049163818359375,1.051325798034668
2022-12-09,1.0559661388397217,1.0588396787643433,1.0520004034042358,1.0559661388397217
2022-12-12,1.0522217750549316,1.0579211711883545,1.0507071018218994,1.0522217750549316
2022-12-13,1.0541739463806152,1.066894292831421,1.0529308319091797,1.0541739463806152
2022-12-14,1.062665343284607,1.0669853687286377,1.0620108842849731,1.062665343284607
2022-12-15,1.0676347017288208,1.0725586414337158,1.0607378482818604,1.0676347017288208
2022-12-16,1.064056158065796,1.0663254261016846,1.0599396228790283,1.064056158065796
2022-12-19,1.05850350856781,1.0659003257751465,1.0577198266983032,1.05850350856781
2022-12-20,1.0614584684371948,1.065552830696106,1.058066725730896,1.0614584684371948
2022-12-21,1.062699317932129,1.0643506050109863,1.0597037076950073,1.062699317932129
2022-12-22,1.0610079765319824,1.0657458305358887,1.05840265750885,1.0610079765319824
2022-12-23,1.060333013534546,1.063117265701294,1.0587948560714722,1.060333013534546
2022-12-26,1.0667804479599,1.0637166500091553,1.060895323753357,1.0667804479599
2022-12-27,1.064022183418274,1.0668998956680298,1.0612443685531616,1.064022183418274
2022-12-28,1.0637166500091553,1.067429542541504,1.0613908767700195,1.0637166500091553
2022-12-29,1.062925100326538,1.0670194625854492,1.0612331628799438,1.062925100326538
2022-12-30,1.066075325012207,1.0697933435440063,1.0639203786849976,1.066075325012207
2023-01-02,1.0709733963012695,1.071237325668335,1.0653257369995117,1.0709733963012695
2023-01-03,1.0677714347839355,1.068261981010437,1.0521553754806519,1.0677714347839355
2023-01-04,1.0546854734420776,1.063151240348816,1.0545964241027832,1.0546854734420776
2023-01-05,1.0606365203857422,1.06326425075531,1.0515578985214233,1.0606365203857422
2023-01-06,1.0522217750549316,1.062225103378296,1.0485258102416992,1.0522217750549316
2023-01-09,1.0656323432922363,1.0759514570236206,1.0652804374694824,1.0656323432922363
2023-01-10,1.073318362236023,1.0756852626800537,1.0713175535202026,1.073318362236023
2023-01-11,1.0738946199417114,1.077470064163208,1.0726851224899292,1.0738946199417114
2023-01-12,1.0766000747680664,1.0838346481323242,1.0738024711608887,1.0766000747680664
2023-01-13,1.0860239267349243,1.0867793560028076,1.0780625343322754,1.0860239267349243
2023-01-16,1.082461953163147,1.0875475406646729,1.080263614654541,1.082461953163147
2023-01-17,1.0830129384994507,1.086909294128418,1.0787020921707153,1.0830129384994507
2023-01-18,1.0793308019638062,1.0884472131729126,1.0767043828964233,1.0793308019638062
2023-01-19,1.0797853469848633,1.0833063125610352,1.0782949924468994,1.0797853469848633
2023-01-20,1.083388328552246,1.0856584310531616,1.0804619789123535,1.083388328552246
2023-01-23,1.0864723920822144,1.0919533967971802,1.0847516059875488,1.086507797241211
2023-01-24,1.0874292850494385,1.089680790901184,1.0839285850524902,1.0874292850494385
2023-01-25,1.088814616203308,1.0922634601593018,1.0858116149902344,1.088814616203308
2023-01-26,1.0922038555145264,1.0932546854019165,1.0851635932922363,1.0922038555145264
2023-01-27,1.0894432067871094,1.0901559591293335,1.0838816165924072,1.0894432067871094
2023-01-30,1.0871455669403076,1.0915005207061768,1.0854581594467163,1.0871455669403076
2023-01-31,1.0850694179534912,1.0868383646011353,1.0804152488708496,1.0850694179534912
2023-02-01,1.0860947370529175,1.092442512512207,1.085293173789978,1.0860947370529175
2023-02-02,1.1012852191925049,1.102657437324524,1.088767170906067,1.1012852191925049
2023-02-03,1.0905125141143799,1.094067931175232,1.0811045169830322,1.0905125141143799
2023-02-06,1.079086184501648,1.0800302028656006,1.0718343257904053,1.079086184501648
2023-02-07,1.0730764865875244,1.0745997428894043,1.0669511556625366,1.0730764865875244
2023-02-08,1.0729728937149048,1.0760208368301392,1.0716849565505981,1.0729728937149048
2023-02-09,1.0715816020965576,1.0790396928787231,1.0711569786071777,1.0715816020965576
2023-02-10,1.0742292404174805,1.0751763582229614,1.0669283866882324,1.0742292404174805
2023-02-13,1.0677714347839355,1.0725010633468628,1.065723180770874,1.0677714347839355
2023-02-14,1.0730419158935547,1.0798436403274536,1.0709964036941528,1.0730419158935547
2023-02-15,1.0735719203948975,1.0744600296020508,1.0665984153747559,1.0735719203948975
2023-02-16,1.0691757202148438,1.0722250938415527,1.0655754804611206,1.0691757202148438
2023-02-17,1.0665756464004517,1.0681477785110474,1.0613795518875122,1.0665756464004517
2023-02-20,1.0684444904327393,1.0705492496490479,1.0671560764312744,1.0684444904327393
2023-02-21,1.068261981010437,1.0695644617080688,1.0644866228103638,1.068261981010437
2023-02-22,1.065200924873352,1.0665528774261475,1.0619093179702759,1.065200924873352
2023-02-23,1.0605803728103638,1.0630381107330322,1.0582010746002197,1.0605803728103638
2023-02-24,1.0598047971725464,1.0614246129989624,1.053774118423462,1.0598047971725464
2023-02-27,1.0554758310317993,1.0618642568588257,1.0533522367477417,1.0554758310317993
2023-02-28,1.0611205101013184,1.0645002126693726,1.058234691619873,1.0611205101013184
2023-03-01,1.0577309131622314,1.0691070556640625,1.0565686225891113,1.0577309131622314
2023-03-02,1.066894292831421,1.067270040512085,1.0583466291427612,1.066894292831421
2023-03-03,1.0599732398986816,1.062925100326538,1.0591312646865845,1.0599732398986816
2023-03-06,1.0626201629638672,1.0693814754486084,1.062304139137268,1.0626201629638672
2023-03-07,1.0688328742980957,1.06963312625885,1.0571606159210205,1.0688328742980957
2023-03-08,1.05507493019104,1.0573283433914185,1.0526647567749023,1.05507493019104
2023-03-09,1.0549525022506714,1.0586491823196411,1.053851842880249,1.0549525022506714
2023-03-10,1.0584698915481567,1.0698620080947876,1.0575743913650513,1.0584698915481567
2023-03-13,1.0683646202087402,1.0737217664718628,1.0652350187301636,1.0683646202087402
2023-03-14,1.0725010633468628,1.0747140645980835,1.0679652690887451,1.0725010633468628
2023-03-15,1.0727657079696655,1.0760092735290527,1.052033543586731,1.0727657079696655
2023-03-16,1.0583354234695435,1.063456416130066,1.0555092096328735,1.0583354234695435
2023-03-17,1.0614134073257446,1.0669625997543335,1.0612106323242188,1.0614134073257446
2023-03-20,1.0678855180740356,1.0730534791946411,1.0632416009902954,1.0678855180740356
2023-03-21,1.071914792060852,1.0787253379821777,1.070491909980774,1.071914792060852
2023-03-22,1.0774236917495728,1.0801469087600708,1.0759514570236206,1.0774236917495728
2023-03-23,1.0870392322540283,1.0928997993469238,1.0868619680404663,1.0870392322540283
2023-03-24,1.0835057497024536,1.0839003324508667,1.0718917846679688,1.0835057497024536
2023-03-27,1.077818512916565,1.0795999765396118,1.074806571006775,1.077818512916565
2023-03-28,1.0807071924209595,1.08489990234375,1.0804035663604736,1.0807071924209595
2023-03-29,1.0839520692825317,1.0871999263763428,1.0821340084075928,1.0839520692825317
2023-03-30,1.0843634605407715,1.0923947095870972,1.0826963186264038,1.0843634605407715
2023-03-31,1.0904649496078491,1.0925856828689575,1.086059331893921,1.0904649496078491
2023-04-03,1.0803335905075073,1.0915720462799072,1.078934907913208,1.0803335905075073
2023-04-04,1.091226577758789,1.0971648693084717,1.0883879661560059,1.091226577758789
2023-04-05,1.0960105657577515,1.0969241857528687,1.0905362367630005,1.0960105657577515
2023-04-06,1.090334177017212,1.0930156707763672,1.0885539054870605,1.090334177017212
2023-04-07,1.0920130014419556,1.0925379991531372,1.0881037712097168,1.0920130014419556
2023-04-10,1.0913575887680054,1.0918222665786743,1.0832475423812866,1.0913575887680054
2023-04-11,1.086932897567749,1.0926692485809326,1.0868029594421387,1.086932897567749
2023-04-12,1.0917507410049438,1.099855899810791,1.091524362564087,1.0917507410049438
2023-04-13,1.0999890565872192,1.1068999767303467,1.0981649160385132,1.0999890565872192
2023-04-14,1.1054610013961792,1.1075423955917358,1.0978032350540161,1.1054610013961792
2023-04-17,1.098659634590149,1.0999042987823486,1.0910717248916626,1.098659634590149
2023-04-18,1.0925379991531372,1.0983458757400513,1.0922753810882568,1.0925379991531372
2023-04-19,1.0975382328033447,1.098659634590149,1.0918341875076294,1.0975382328033447
2023-04-20,1.095218300819397,1.0989010334014893,1.0934339761734009,1.095218300819397
2023-04-21,1.0970927476882935,1.099251389503479,1.0939722061157227,1.0970927476882935
2023-04-24,1.0992271900177002,1.103423833847046,1.0968761444091797,1.0992271900177002
2023-04-25,1.1059499979019165,1.1068068742752075,1.0969241857528687,1.1059499979019165
2023-04-26,1.0978394746780396,1.109410047531128,1.0969241857528687,1.0978394746780396
2023-04-27,1.1047282218933105,1.1065618991851807,1.0994206666946411,1.1047282218933105
2023-04-28,1.1032048463821411,1.1043744087219238,1.0965633392333984,1.1032048463821411
2023-05-01,1.1010911464691162,1.103557825088501,1.0966956615447998,1.1010911464691162
2023-05-02,1.0969241857528687,1.1005216836929321,1.0943553447723389,1.0969241857528687
2023-05-03,1.1010911464691162,1.1058155298233032,1.100594401359558,1.1010911464691162
2023-05-04,1.1068925857543945,1.109139323234558,1.0986838340759277,1.1068925857543945
2023-05-05,1.102292776107788,1.1048002243041992,1.0971648693084717,1.102292776107788
2023-05-08,1.10186767578125,1.1053388118743896,1.1012487411499023,1.10186767578125
2023-05-09,1.0996140241622925,1.1001100540161133,1.0944032669067383,1.0996140241622925
2023-05-10,1.096467137336731,1.100473165512085,1.0942834615707397,1.096467137336731
2023-05-11,1.098406195640564,1.0998680591583252,1.0901321172714233,1.098406195640564
2023-05-12,1.0912145376205444,1.0935176610946655,1.085564136505127,1.0912145376205444
2023-05-15,1.0852696895599365,1.0892059803009033,1.0848575830459595,1.0852696895599365
2023-05-16,1.0873701572418213,1.090358018875122,1.0856702327728271,1.0873701572418213
2023-05-17,1.0865668058395386,1.0875475406646729,1.081162929534912,1.0865668058395386
2023-05-18,1.0838346481323242,1.0849517583847046,1.0765421390533447,1.0838346481323242
2023-05-19,1.0775396823883057,1.082391619682312,1.0761018991470337,1.0775396823883057
2023-05-22,1.0822745561599731,1.0830715894699097,1.0796570777893066,1.0822745561599731
2023-05-23,1.0811045169830322,1.0821340084075928,1.0763798952102661,1.0811045169830322
2023-05-24,1.076971173286438,1.0799369812011719,1.0749683380126953,1.076971173286438
2023-05-25,1.0757315158843994,1.0754191875457764,1.0709964036941528,1.0757315158843994
2023-05-26,1.0724436044692993,1.0757546424865723,1.0702054500579834,1.0724436044692993
2023-05-29,1.0723055601119995,1.0745755434036255,1.0706294775009155,1.0723055601119995
2023-05-30,1.0707669258117676,1.0745755434036255,1.067338466644287,1.0707669258117676
2023-05-31,1.073306918144226,1.0738831758499146,1.06516695022583,1.073306918144226
2023-06-01,1.0695186853408813,1.0753995180130005,1.0664163827896118,1.0695186853408813
2023-06-02,1.0760787725448608,1.077934741973877,1.071811318397522,1.0760787725448608
2023-06-05,1.0698620080947876,1.0722709894180298,1.0674750804901123,1.0698620080947876
2023-06-06,1.0711798667907715,1.073306918144226,1.0667349100112915,1.0711798667907715
2023-06-07,1.0698047876358032,1.074021577835083,1.0668829679489136,1.0698047876358032
2023-06-08,1.0707440376281738,1.078283429145813,1.0702168941497803,1.0707440376281738
2023-06-09,1.078271746635437,1.0787487030029297,1.0747718811035156,1.078271746635437
2023-06-12,1.0750954151153564,1.0789697170257568,1.073433518409729,1.0750954151153564
2023-06-13,1.0762988328933716,1.0822510719299316,1.076055645942688,1.0762988328933716
2023-06-14,1.078934907913208,1.085835337638855,1.077574610710144,1.078934907913208
2023-06-15,1.084304690361023,1.0938525199890137,1.0804269313812256,1.084304690361023
2023-06-16,1.0945948362350464,1.0970999002456665,1.0920130014419556,1.0945948362350464
2023-06-19,1.0942115783691406,1.0949305295944214,1.0911003351211548,1.0942115783691406
2023-06-20,1.0924304723739624,1.0945229530334473,1.0894551277160645,1.0924304723739624
2023-06-21,1.0920368432998657,1.0961307287216187,1.0906671285629272,1.0920368432998657
2023-06-22,1.0992635488510132,1.1011154651641846,1.095110297203064,1.0992635488510132
2023-06-23,1.0958904027938843,1.0958904027938843,1.0845046043395996,1.0958904027938843
2023-06-26,1.0906671285629272,1.0921800136566162,1.088814616203308,1.0906671285629272
2023-06-27,1.091048002243042,1.0976104736328125,1.0903223752975464,1.091048002243042
2023-06-28,1.0957223176956177,1.0962508916854858,1.0899657011032104,1.0957223176956177
2023-06-29,1.0915838479995728,1.094067931175232,1.0862362384796143,1.0915838479995728
2023-06-30,1.0868029594421387,1.0933741331100464,1.0836466550827026,1.0868029594421387
2023-07-03,1.0907504558563232,1.093135118484497,1.0871810913085938,1.0907504558563232
2023-07-04,1.091309905052185,1.0918222665786743,1.0890754461288452,1.091309905052185
2023-07-05,1.0884946584701538,1.0906195640563965,1.086507797241211,1.0884946584701538
2023-07-06,1.0856584310531616,1.0901559591293335,1.083435297012329,1.0856584310531616
2023-07-07,1.0890636444091797,1.096467137336731,1.0868619680404663,1.0890636444091797
2023-07-10,1.0969723463058472,1.0992755889892578,1.0944511890411377,1.0969723463058472
2023-07-11,1.100594401359558,1.1025601625442505,1.0978635549545288,1.100594401359558
2023-07-12,1.101406455039978,1.1125946044921875,1.1012852191925049,1.101406455039978
2023-07-13,1.1144545078277588,1.1196202039718628,1.113065242767334,1.1144545078277588
2023-07-14,1.1223469972610474,1.12447988986969,1.1206114292144775,1.1223469972610474
2023-07-17,1.1227755546569824,1.125112533569336,1.1205486059188843,1.1227755546569824
2023-07-18,1.1237596273422241,1.1275737285614014,1.1220070123672485,1.1237596273422241
2023-07-19,1.1228890419006348,1.123974323272705,1.1176306009292603,1.1228890419006348
2023-07-20,1.120523452758789,1.12296462059021,1.1133129596710205,1.120523452758789
2023-07-21,1.113709807395935,1.1147029399871826,1.110962986946106,1.113709807395935
2023-07-24,1.112532615661621,1.114504098892212,1.1068804264068604,1.112532615661621
2023-07-25,1.1063170433044434,1.1088933944702148,1.1022076606750488,1.1063170433044434
2023-07-26,1.1050456762313843,1.1086474657058716,1.1038380861282349,1.1050456762313843
2023-07-27,1.1078368425369263,1.115200161933899,1.0984907150268555,1.1078368425369263
2023-07-28,1.0978755950927734,1.1046794652938843,1.0947027206420898,1.0978755950927734
2023-07-31,1.1024264097213745,1.1045451164245605,1.100618600845337,1.1024264097213745
2023-08-01,1.0997591018676758,1.1002310514450073,1.095446228981018,1.0997591018676758
2023-08-02,1.1007881164550781,1.1007033586502075,1.0919772386550903,1.1007881164550781
2023-08-03,1.0944151878356934,1.0953983068466187,1.0913575887680054,1.0944151878356934
2023-08-04,1.095158338546753,1.1040940284729004,1.0936251878738403,1.095158338546753
2023-08-07,1.1002674102783203,1.1012003421783447,1.096611499786377,1.1002674102783203
2023-08-08,1.100315809249878,1.1009820699691772,1.0930992364883423,1.100315809249878
2023-08-09,1.0958904027938843,1.0994327068328857,1.0955902338027954,1.0958904027938843
2023-08-10,1.0977671146392822,1.1058399677276611,1.096803903579712,1.0977671146392822
2023-08-11,1.0981649160385132,1.1004369258880615,1.0951822996139526,1.0981649160385132
2023-08-14,1.094439148902893,1.0960345268249512,1.087748646736145,1.094439148902893
2023-08-15,1.0909883975982666,1.0949664115905762,1.0900845527648926,1.0909883975982666
2023-08-16,1.0904173851013184,1.0934697389602661,1.0897756814956665,1.0904173851013184
2023-08-17,1.0874884128570557,1.0917268991470337,1.0862362384796143,1.0874884128570557
2023-08-18,1.0874648094177246,1.089561939239502,1.0846457481384277,1.0874648094177246
2023-08-21,1.087559461593628,1.0913575887680054,1.0870628356933594,1.087559461593628
2023-08-22,1.0898351669311523,1.093199610710144,1.0834001302719116,1.0898351669311523
2023-08-23,1.0846692323684692,1.0870510339736938,1.0802985429763794,1.0846692323684692
2023-08-24,1.086578607559204,1.0876895189285278,1.081548810005188,1.086578607559204
2023-08-25,1.07991361618042,1.0839755535125732,1.076669692993164,1.07991361618042
2023-08-28,1.0797386169433594,1.0821340084075928,1.0799369812011719,1.0797386169433594
2023-08-29,1.0825556516647339,1.0856702327728271,1.0783531665802002,1.0825556516647339
2023-08-30,1.0869210958480835,1.094546914100647,1.085611343383789,1.0869210958480835
2023-08-31,1.0932546854019165,1.0939722061157227,1.0837171077728271,1.0932546854019165
2023-09-01,1.0844104290008545,1.0880801677703857,1.0785857439041138,1.0844104290008545
2023-09-04,1.07758629322052,1.080905795097351,1.0774004459381104,1.07758629322052
2023-09-05,1.0794472694396973,1.07991361618042,1.0707554817199707,1.0794472694396973
2023-09-06,1.0726161003112793,1.0748181343078613,1.0705147981643677,1.0726161003112793
2023-09-07,1.0724204778671265,1.0734220743179321,1.068764328956604,1.0724204778671265
2023-09-08,1.0697818994522095,1.0742061138153076,1.0695072412490845,1.0697818994522095
2023-09-11,1.071811318397522,1.0756852626800537,1.0711455345153809,1.071811318397522
2023-09-12,1.0750375986099243,1.0762641429901123,1.070617914199829,1.0750375986099243
2023-09-13,1.075326681137085,1.0765421390533447,1.0717424154281616,1.075326681137085
2023-09-14,1.0734220743179321,1.0755001306533813,1.065507411956787,1.0734220743179321
2023-09-15,1.0637166500091553,1.068764328956604,1.0634677410125732,1.0637166500091553
2023-09-18,1.0668259859085083,1.0698162317276,1.0656323432922363,1.0668259859085083
2023-09-19,1.0692671537399292,1.071926236152649,1.0676347017288208,1.0692671537399292
2023-09-20,1.0682048797607422,1.0726966857910156,1.0675777196884155,1.0682048797607422
2023-09-21,1.065303087234497,1.0673611164093018,1.0619093179702759,1.065303087234497
2023-09-22,1.0661548376083374,1.0671560764312744,1.0615260601043701,1.0661548376083374
2023-09-25,1.0648492574691772,1.0655415058135986,1.0577309131622314,1.0648492574691772
2023-09-26,1.0591648817062378,1.060895323753357,1.0568143129348755,1.0591648817062378
2023-09-27,1.0569483041763306,1.057373046875,1.0509058237075806,1.0569483041763306
2023-09-28,1.0505305528640747,1.0578652620315552,1.049185872077942,1.0505305528640747
2023-09-29,1.0562450885772705,1.0617965459823608,1.0558546781539917,1.0562450885772705
2023-10-02,1.0565240383148193,1.0590976476669312,1.0492738485336304,1.0565240383148193
2023-10-03,1.0480751991271973,1.049428105354309,1.0449867248535156,1.0480751991271973
2023-10-04,1.0472300052642822,1.0532413721084595,1.045369029045105,1.0472300052642822
2023-10-05,1.0507071018218994,1.0536853075027466,1.0500892400741577,1.0507071018218994
2023-10-06,1.0546631813049316,1.0598160028457642,1.0483938455581665,1.0546631813049316
2023-10-09,1.056747317314148,1.0576413869857788,1.0521442890167236,1.056747317314148
2023-10-10,1.0578875541687012,1.061954379081726,1.0555983781814575,1.0578875541687012
2023-10-11,1.0604791641235352,1.063354730606079,1.0592771768569946,1.0604791641235352
2023-10-12,1.0624282360076904,1.0639089345932007,1.0545964241027832,1.0624282360076904
2023-10-13,1.0536741018295288,1.0558546781539917,1.0496152639389038,1.0536741018295288
2023-10-16,1.0521553754806519,1.055464744567871,1.0516352653503418,1.0521553754806519
2023-10-17,1.0554312467575073,1.0595004558563232,1.0533411502838135,1.0554312467575073
2023-10-18,1.057305932044983,1.0595465898513794,1.0527091026306152,1.057305932044983
2023-10-19,1.053851842880249,1.0585371255874634,1.0528864860534668,1.053851842880249
2023-10-20,1.0586491823196411,1.0601080656051636,1.056579828262329,1.0586491823196411
2023-10-23,1.0589966773986816,1.064736008644104,1.057183027267456,1.0589966773986816
2023-10-24,1.0669853687286377,1.0690499544143677,1.0584250688552856,1.0669853687286377
2023-10-25,1.059535264968872,1.0606703758239746,1.0566803216934204,1.059535264968872
2023-10-26,1.056725025177002,1.0569707155227661,1.0526316165924072,1.056725025177002
2023-10-27,1.0564459562301636,1.0597710609436035,1.053629755973816,1.0564459562301636
2023-10-30,1.0562450885772705,1.0625998973846436,1.054841160774231,1.0562450885772705
2023-10-31,1.061503529548645,1.0669056177139282,1.0567585229873657,1.061503529548645
2023-11-01,1.0579099655151367,1.0580778121948242,1.0522881746292114,1.0579099655151367
2023-11-02,1.05870521068573,1.067008137702942,1.0584250688552856,1.05870521068573
2023-11-03,1.0619093179702759,1.0736998319625854,1.0615485906600952,1.0619093179702759
2023-11-06,1.0732147693634033,1.075700283050537,1.0723400115966797,1.0732147693634033
2023-11-07,1.0721560716629028,1.0721560716629028,1.0664732456207275,1.0721560716629028
2023-11-08,1.0696102380752563,1.071604609489441,1.0660640001296997,1.0696102380752563
2023-11-09,1.0710422992706299,1.0728002786636353,1.0681477785110474,1.0710422992706299
2023-11-10,1.0667576789855957,1.0692557096481323,1.0657685995101929,1.0667576789855957
2023-11-13,1.069015622138977,1.0705492496490479,1.0665528774261475,1.069015622138977
2023-11-14,1.0701825618743896,1.08672034740448,1.0693585872650146,1.0701825618743896
2023-11-15,1.0878314971923828,1.0887316465377808,1.0832945108413696,1.0878314971923828
2023-11-16,1.0854581594467163,1.0893957614898682,1.0830950736999512,1.0854581594467163
2023-11-17,1.0853756666183472,1.089229702949524,1.0825204849243164,1.0853756666183472
2023-11-20,1.090702772140503,1.0945110321044922,1.0897995233535767,1.090702772140503
2023-11-21,1.0945948362350464,1.0967316627502441,1.0922993421554565,1.0945948362350464
2023-11-22,1.0918222665786743,1.0922515392303467,1.0854581594467163,1.0918222665786743
2023-11-23,1.0890873670578003,1.0927051305770874,1.0888028144836426,1.0890873670578003
2023-11-24,1.0906314849853516,1.0944151878356934,1.089561939239502,1.0906314849853516
2023-11-27,1.0940439701080322,1.0959264039993286,1.0925856828689575,1.0940439701080322
2023-11-28,1.0958423614501953,1.1007153987884521,1.0935057401657104,1.0958423614501953
2023-11-29,1.100594401359558,1.1016855239868164,1.096118688583374,1.100594401359558
2023-11-30,1.0973695516586304,1.098538875579834,1.0894907712936401,1.0973695516586304
2023-12-01,1.0892059803009033,1.0913456678390503,1.0831537246704102,1.0892059803009033
2023-12-04,1.088814616203308,1.0887316465377808,1.0805671215057373,1.088814616203308
2023-12-05,1.0837758779525757,1.0848339796066284,1.078260064125061,1.0837758779525757
2023-12-06,1.0793657302856445,1.0803686380386353,1.0773192644119263,1.0793657302856445
2023-12-07,1.076669692993164,1.0796804428100586,1.0757662057876587,1.076669692993164
2023-12-08,1.079214334487915,1.0800535678863525,1.0731456279754639,1.079214334487915
2023-12-11,1.0765769481658936,1.077934741973877,1.0743216276168823,1.0765769481658936
2023-12-12,1.076658010482788,1.0822042226791382,1.0761829614639282,1.076658010482788
2023-12-13,1.0798670053482056,1.0808240175247192,1.0774004459381104,1.0798670053482056
2023-12-14,1.0886130332946777,1.1004126071929932,1.088020920753479,1.0886130332946777
2023-12-15,1.0993602275848389,1.100594401359558,1.0902271270751953,1.0993602275848389
2023-12-18,1.0895264148712158,1.0930036306381226,1.0894551277160645,1.0895264148712158
2023-12-19,1.092382788658142,1.098799705505371,1.091607689857483,1.092382788658142
2023-12-20,1.0981045961380005,1.09797203540802,1.0935654640197754,1.0981045961380005
2023-12-21,1.0945708751678467,1.099976897239685,1.0936251878738403,1.0945708751678467
2023-12-22,1.100618600845337,1.1040574312210083,1.0994206666946411,1.100618600845337
2023-12-25,1.102657437324524,1.1042402982711792,1.0999890565872192,1.102657437324524
2023-12-26,1.1020255088806152,1.1039965152740479,1.1009578704833984,1.1020255088806152
2023-12-27,1.1043012142181396,1.1122480630874634,1.1029249429702759,1.1043012142181396
2023-12-28,1.110864281654358,1.113945484161377,1.1071009635925293,1.110864281654358
2023-12-29,1.1068191528320312,1.1086474657058716,1.1043256521224976,1.1068191528320312
2024-01-01,1.1055831909179688,1.1053388118743896,1.1039965152740479,1.1055831909179688
2024-01-02,1.1038745641708374,1.1046061515808105,1.0941996574401855,1.1038745641708374
2024-01-03,1.0941756963729858,1.0967004299163818,1.0898706912994385,1.0941756963729858
2024-01-04,1.0927767753601074,1.0970205068588257,1.0917030572891235,1.0927767753601074
2024-01-05,1.0947387218475342,1.0996382236480713,1.0879853963851929,1.0947387218475342
2024-01-08,1.0942236185073853,1.0978153944015503,1.092454433441162,1.0942236185073853
2024-01-09,1.095170259475708,1.0967316627502441,1.0912623405456543,1.095170259475708
2024-01-10,1.0932426452636719,1.0969723463058472,1.0923351049423218,1.0932426452636719
2024-01-11,1.0975141525268555,1.0991426706314087,1.0931470394134521,1.0975141525268555
2024-01-12,1.0981649160385132,1.098659634590149,1.0937089920043945,1.0981649160385132
2024-01-15,1.0945708751678467,1.0958904027938843,1.0934100151062012,1.0945708751678467
2024-01-16,1.0945708751678467,1.094666838645935,1.086708426475525,1.0945708751678467
2024-01-17,1.087878942489624,1.0884946584701538,1.0845398902893066,1.087878942489624
2024-01-18,1.0885775089263916,1.0907504558563232,1.084869384765625,1.0885775089263916
2024-01-19,1.0879143476486206,1.0892653465270996,1.0868265628814697,1.0879143476486206
2024-01-22,1.089229702949524,1.0909883975982666,1.0880327224731445,1.089229702949524
2024-01-23,1.088020920753479,1.0918222665786743,1.0824267864227295,1.088020920753479
2024-01-24,1.0857881307601929,1.0931470394134521,1.0851871967315674,1.0857881307601929
2024-01-25,1.088174819946289,1.0900371074676514,1.0826143026351929,1.088174819946289
2024-01-26,1.0847046375274658,1.0883287191390991,1.0813382863998413,1.0847046375274658
2024-01-29,1.0843517780303955,1.084975242614746,1.079715371131897,1.0843517780303955
2024-01-30,1.0834470987319946,1.085564136505127,1.0812681913375854,1.0834470987319946
2024-01-31,1.08433997631073,1.088565707206726,1.0807656049728394,1.08433997631073
2024-02-01,1.0803920030593872,1.086555004119873,1.078027606010437,1.0803920030593872
2024-02-02,1.0874648094177246,1.0897995233535767,1.0783065557479858,1.0874648094177246
2024-02-05,1.0780043601989746,1.0787487030029297,1.072466492652893,1.0780043601989746
2024-02-06,1.0741831064224243,1.076310396194458,1.0724550485610962,1.0741831064224243
2024-02-07,1.075719952583313,1.0784345865249634,1.0756388902664185,1.075719952583313
2024-02-08,1.077574610710144,1.0789813995361328,1.074310064315796,1.077574610710144
2024-02-09,1.0777255296707153,1.0794472694396973,1.0763914585113525,1.0777255296707153
2024-02-12,1.0798202753067017,1.0805437564849854,1.0757662057876587,1.0798202753067017
2024-02-13,1.0772264003753662,1.079563856124878,1.0702054500579834,1.0772264003753662
2024-02-14,1.0708931684494019,1.0734450817108154,1.069553017616272,1.0708931684494019
2024-02-15,1.0732147693634033,1.0786322355270386,1.072524070739746,1.0732147693634033
2024-02-16,1.0773887634277344,1.0780508518218994,1.0734450817108154,1.0773887634277344
2024-02-19,1.0784461498260498,1.0789813995361328,1.0762988328933716,1.0784927606582642
2024-02-20,1.0775396823883057,1.0838581323623657,1.0762524604797363,1.0775396823883057
2024-02-21,1.0813149213790894,1.0822510719299316,1.0791910886764526,1.0813149213790894
2024-02-22,1.0820403099060059,1.0886249542236328,1.0805087089538574,1.0820403099060059
2024-02-23,1.0825674533843994,1.0839403867721558,1.0813733339309692,1.0825674533843994
2024-02-26,1.081958293914795,1.0859060287475586,1.0813382863998413,1.0820051431655884
2024-02-27,1.0850930213928223,1.0866140127182007,1.0833649635314941,1.0850930213928223
2024-02-28,1.084481120109558,1.0847163200378418,1.0798670053482056,1.084481120109558
2024-02-29,1.0838816165924072,1.085587739944458,1.0805671215057373,1.0838816165924072
2024-03-01,1.0804970264434814,1.0841518640518188,1.079925298690796,1.0804970264434814
2024-03-04,1.084269404411316,1.0866494178771973,1.0838581323623657,1.084269404411316
2024-03-05,1.0855170488357544,1.0875357389450073,1.084269404411316,1.0855170488357544
2024-03-06,1.0855995416641235,1.0914051532745361,1.084293007850647,1.0855995416641235
2024-03-07,1.089953899383545,1.0940918922424316,1.086932897567749,1.089953899383545
2024-03-08,1.0950144529342651,1.0978032350540161,1.0927051305770874,1.0950144529342651
2024-03-11,1.0942955017089844,1.09505033493042,1.0914647579193115,1.0942955017089844
2024-03-12,1.093135118484497,1.0942115783691406,1.0903223752975464,1.093135118484497
2024-03-13,1.0927767753601074,1.0949305295944214,1.0920488834381104,1.0927767753601074
2024-03-14,1.0955302715301514,1.0954701900482178,1.0884116888046265,1.0955302715301514
2024-03-15,1.0883406400680542,1.0901559591293335,1.0873819589614868,1.0883406400680542
2024-03-18,1.0882576704025269,1.0907504558563232,1.0880801677703857,1.0882576704025269
2024-03-19,1.087393879890442,1.0877841711044312,1.0835057497024536,1.087393879890442
2024-03-20,1.0863306522369385,1.0874292850494385,1.0836936235427856,1.0863306522369385
2024-03-21,1.0937210321426392,1.0944511890411377,1.0856467485427856,1.0937210321426392
2024-03-22,1.0862362384796143,1.08695650100708,1.080905795097351,1.0862362384796143
2024-03-25,1.0807539224624634,1.0843634605407715,1.080263614654541,1.0807539224624634
2024-03-26,1.0838228464126587,1.0864133834838867,1.082602620124817,1.0838228464126587
2024-03-27,1.0832358598709106,1.0839285850524902,1.081174612045288,1.0832358598709106
2024-03-28,1.0813382863998413,1.0828369855880737,1.0775513648986816,1.0813382863998413
2024-03-29,1.0794472694396973,1.0807305574417114,1.0768898725509644,1.0794472694396973
2024-04-01,1.0792726278305054,1.0801469087600708,1.0731571912765503,1.0792726278305054
2024-04-02,1.0737217664718628,1.0778765678405762,1.072535514831543,1.0737217664718628
2024-04-03,1.076855182647705,1.0831888914108276,1.0764726400375366,1.076855182647705
2024-04-04,1.0838346481323242,1.087583065032959,1.0835057497024536,1.0838346481323242
2024-04-05,1.0837054252624512,1.084845781326294,1.0791677236557007,1.0837054252624512
2024-04-08,1.0830481052398682,1.085835337638855,1.0821573734283447,1.0830481052398682
2024-04-09,1.0863661766052246,1.0888501405715942,1.0849870443344116,1.0863661766052246
2024-04-10,1.0859296321868896,1.0868383646011353,1.073375940322876,1.0859296321868896
2024-04-11,1.074171543121338,1.0755810737609863,1.0700452327728271,1.074171543121338
2024-04-12,1.0726851224899292,1.072961449623108,1.062371850013733,1.0726851224899292
2024-04-15,1.0649627447128296,1.0665528774261475,1.0623606443405151,1.0649627447128296
2024-04-16,1.0625749826431274,1.065405249595642,1.0604116916656494,1.0625749826431274
2024-04-17,1.0621461868286133,1.0652689933776855,1.0608166456222534,1.0621461868286133
2024-04-18,1.0669398307800293,1.0691757202148438,1.0647813081741333,1.0669398307800293
2024-04-19,1.0644185543060303,1.0680338144302368,1.0611768960952759,1.0644185543060303
2024-04-22,1.0657799243927002,1.067121982574463,1.0625072717666626,1.065825343132019
2024-04-23,1.065405249595642,1.0709964036941528,1.0639317035675049,1.065405249595642
2024-04-24,1.0704345703125,1.0715816020965576,1.0679197311401367,1.0704345703125
2024-04-25,1.0699878931045532,1.0731916427612305,1.0678740739822388,1.0699878931045532
2024-04-26,1.072961449623108,1.0752919912338257,1.0675548315048218,1.072961449623108
2024-04-29,1.0706866979599,1.0735372304916382,1.0690956115722656,1.0706866979599
2024-04-30,1.0715701580047607,1.0736525058746338,1.068433165550232,1.0715701580047607
2024-05-01,1.0666552782058716,1.0688670873641968,1.0650080442428589,1.0666552782058716
2024-05-02,1.0721560716629028,1.0730764865875244,1.0675777196884155,1.0721560716629028
2024-05-03,1.073306918144226,1.080940842628479,1.0725010633468628,1.073306918144226
2024-05-06,1.0758124589920044,1.079214334487915,1.0756388902664185,1.0758124589920044
2024-05-07,1.0767507553100586,1.0789813995361328,1.0755810737609863,1.0767507553100586
2024-05-08,1.0750491619110107,1.0758472681045532,1.0735719203948975,1.0750491619110107
2024-05-09,1.0746910572052002,1.078283429145813,1.0725126266479492,1.0746910572052002
2024-05-10,1.078515887260437,1.0793308019638062,1.0762062072753906,1.078515887260437
2024-05-13,1.077040672302246,1.0807305574417114,1.0766464471817017,1.077040672302246
2024-05-14,1.079354166984558,1.0828369855880737,1.0776442289352417,1.079354166984558
2024-05-15,1.0814552307128906,1.0874292850494385,1.0813616514205933,1.0814552307128906
2024-05-16,1.0889805555343628,1.089680790901184,1.0855170488357544,1.0889805555343628
2024-05-17,1.0867793560028076,1.087890625,1.0836349725723267,1.0867793560028076
2024-05-20,1.0875475406646729,1.0884946584701538,1.0855052471160889,1.0875475406646729
2024-05-21,1.086082935333252,1.0875475406646729,1.0845986604690552,1.086082935333252
2024-05-22,1.0855170488357544,1.0864840745925903,1.0822510719299316,1.0855170488357544
2024-05-23,1.0825204849243164,1.086130142211914,1.0813032388687134,1.0825204849243164
2024-05-24,1.0812681913375854,1.0856584310531616,1.0806137323379517,1.0812681913375854
2024-05-27,1.0847634077072144,1.08672034740448,1.0841753482818604,1.0847634077072144
2024-05-28,1.0861891508102417,1.0889450311660767,1.0859060287475586,1.0861891508102417
2024-05-29,1.0851871967315674,1.085894227027893,1.080952525138855,1.0851871967315674
2024-05-30,1.0801819562911987,1.0845986604690552,1.0788999795913696,1.0801819562911987
2024-05-31,1.0835410356521606,1.0882576704025269,1.081162929534912,1.0835410356521606
2024-06-03,1.0853049755096436,1.0890873670578003,1.0828019380569458,1.0853049755096436
2024-06-04,1.0907385349273682,1.0918222665786743,1.0860711336135864,1.0907385349273682
2024-06-05,1.0881866216659546,1.0889924764633179,1.0860947370529175,1.0881866216659546
2024-06-06,1.087453007698059,1.0898706912994385,1.0863661766052246,1.087453007698059
2024-06-07,1.0894432067871094,1.090179681777954,1.0804970264434814,1.0894432067871094
2024-06-10,1.0778882503509521,1.078283429145813,1.073364496231079,1.0778882503509521
2024-06-11,1.0764262676239014,1.0773539543151855,1.0721101760864258,1.0764262676239014
2024-06-12,1.0740330219268799,1.0851753950119019,1.073502779006958,1.0740330219268799
2024-06-13,1.0813149213790894,1.0817828178405762,1.075384497642517,1.0813149213790894
2024-06-14,1.0738831758499146,1.0745755434036255,1.0668145418167114,1.0738831758499146
2024-06-17,1.0702168941497803,1.0726161003112793,1.068764328956604,1.0702168941497803
2024-06-18,1.0740677118301392,1.0761250257492065,1.0711110830307007,1.0740677118301392
2024-06-19,1.0742292404174805,1.075326681137085,1.0726275444030762,1.0742292404174805
2024-06-20,1.0751532316207886,1.0750375986099243,1.0707554817199707,1.0751532316207886
2024-06-21,1.0706409215927124,1.0722709894180298,1.0671902894973755,1.0706409215927124
2024-06-24,1.0687757730484009,1.074702501296997,1.0684444904327393,1.0687757730484009
2024-06-25,1.0732723474502563,1.0745755434036255,1.0692213773727417,1.0732723474502563
2024-06-26,1.0709619522094727,1.0720411539077759,1.0667691230773926,1.0709619522094727
2024-06-27,1.068010926246643,1.0726161003112793,1.0677828788757324,1.068010926246643
2024-06-28,1.0708472728729248,1.0720986127853394,1.0686043500900269,1.0708472728729248
2024-07-01,1.0735257863998413,1.077818512916565,1.072075605392456,1.0735257863998413
2024-07-02,1.0737102031707764,1.0746102333068848,1.0710651874542236,1.0737102031707764
2024-07-03,1.0748412609100342,1.081560492515564,1.0737102031707764,1.0748412609100342
2024-07-04,1.0793308019638062,1.0816657543182373,1.0784229040145874,1.0793308019638062
2024-07-05,1.0810693502426147,1.0838346481323242,1.0810693502426147,1.0810693502426147
2024-07-08,1.082602620124817,1.0847163200378418,1.0815136432647705,1.082602620124817
2024-07-09,1.0830950736999512,1.0834236145019531,1.0806254148483276,1.0830950736999512
2024-07-10,1.0814785957336426,1.0828721523284912,1.081186294555664,1.0814785957336426
2024-07-11,1.083329677581787,1.0898351669311523,1.0832945108413696,1.083329677581787
2024-07-12,1.0872756242752075,1.091119408607483,1.086307168006897,1.0872756242752075
2024-07-15,1.0885539054870605,1.0921919345855713,1.088435411453247,1.0885539054870605
2024-07-16,1.0901559591293335,1.0906314849853516,1.0872164964675903,1.0901559591293335
2024-07-17,1.0902509689331055,1.0947147607803345,1.0896332263946533,1.0902509689331055
2024-07-18,1.094020128250122,1.0942115783691406,1.0905362367630005,1.094020128250122
2024-07-19,1.0901559591293335,1.0901559591293335,1.0877368450164795,1.0901559591293335
2024-07-22,1.0899182558059692,1.0901559591293335,1.0873701572418213,1.0899182558059692
2024-07-23,1.0889805555343628,1.0900371074676514,1.084445834159851,1.0889805555343628
2024-07-24,1.0850694179534912,1.0866494178771973,1.0826728343963623,1.0850694179534912
2024-07-25,1.0839520692825317,1.0864368677139282,1.0829308032989502,1.0839520692825317
2024-07-26,1.0851283073425293,1.0868501663208008,1.084269404411316,1.0851283073425293
2024-07-29,1.0853756666183472,1.0871928930282593,1.0803102254867554,1.0853756666183472
2024-07-30,1.081946611404419,1.0837758779525757,1.0799952745437622,1.081946611404419
2024-07-31,1.0816072225570679,1.0851871967315674,1.0808707475662231,1.0816072225570679
2024-08-01,1.082391619682312,1.0837758779525757,1.0778300762176514,1.082391619682312
2024-08-02,1.0787602663040161,1.0926215648651123,1.0782949924468994,1.0787602663040161
2024-08-05,1.0910836458206177,1.1007397174835205,1.089372158050537,1.0910836458206177
2024-08-06,1.0950982570648193,1.0963108539581299,1.0904649496078491,1.0950982570648193
2024-08-07,1.0926215648651123,1.093637228012085,1.0906909704208374,1.0926215648651123
2024-08-08,1.0928125381469727,1.0946906805038452,1.0882340669631958,1.0928125381469727
2024-08-09,1.0915720462799072,1.093135118484497,1.0909645557403564,1.0915720462799072
2024-08-12,1.091381311416626,1.0939722061157227,1.0913337469100952,1.091381311416626
2024-08-13,1.0936251878738403,1.0962508916854858,1.0915720462799072,1.0936251878738403
2024-08-14,1.0996986627578735,1.1048502922058105,1.098828673362732,1.0996986627578735
2024-08-15,1.1013215780258179,1.1016855239868164,1.09505033493042,1.1013215780258179
2024-08-16,1.0972732305526733,1.1004369258880615,1.0973695516586304,1.0972732305526733
2024-08-19,1.1024993658065796,1.1072603464126587,1.1023900508880615,1.1024993658065796
2024-08-20,1.1086474657058716,1.1117286682128906,1.107248067855835,1.1086474657058716
2024-08-21,1.112792730331421,1.1148271560668945,1.11055588722229,1.112792730331421
2024-08-22,1.115536093711853,1.1157476902008057,1.1099271774291992,1.115536093711853
2024-08-23,1.111716389656067,1.1195951700210571,1.110679268836975,1.111716389656067
2024-08-26,1.1187934875488281,1.1201093196868896,1.1152873039245605,1.1187934875488281
2024-08-27,1.1164700984954834,1.1179554462432861,1.1151255369186401,1.1164700984954834
2024-08-28,1.117793083190918,1.1181930303573608,1.1105434894561768,1.117793083190918
2024-08-29,1.1124955415725708,1.1140199899673462,1.1056320667266846,1.1124955415725708
2024-08-30,1.1080454587936401,1.109570026397705,1.1053999662399292,1.1080454587936401
2024-09-02,1.1044842004776,1.1077632904052734,1.1042524576187134,1.1044842004776
2024-09-03,1.1067456007003784,1.107051968574524,1.1033751964569092,1.1067456007003784
2024-09-04,1.1048868894577026,1.1093976497650146,1.1040817499160767,1.1048868894577026
2024-09-05,1.1080454587936401,1.112112045288086,1.1075178384780884,1.1080454587936401
2024-09-06,1.1111111640930176,1.1149640083312988,1.1067211627960205,1.1111111640930176
2024-09-09,1.1087212562561035,1.109139323234558,1.10349702835083,1.1087212562561035
2024-09-10,1.1037527322769165,1.1050333976745605,1.101624846458435,1.1037527322769165
2024-09-11,1.1020983457565308,1.1054977178573608,1.100279450416565,1.1020983457565308
2024-09-12,1.1010911464691162,1.1047526597976685,1.1006548404693604,1.1010911464691162
2024-09-13,1.1077877283096313,1.1102476119995117,1.1073951721191406,1.1077877283096313
2024-09-16,1.1088441610336304,1.1135361194610596,1.1087088584899902,1.1088441610336304
2024-09-17,1.1129536628723145,1.1146159172058105,1.1113086938858032,1.1129536628723145
2024-09-18,1.1123099327087402,1.1140819787979126,1.110913634300232,1.1123099327087402
2024-09-19,1.1114816665649414,1.118067979812622,1.107051968574524,1.1114816665649414
2024-09-20,1.1161960363388062,1.1181679964065552,1.1137346029281616,1.1161960363388062
2024-09-23,1.1160838603973389,1.1168192625045776,1.1084877252578735,1.1160838603973389
2024-09-24,1.1111727952957153,1.1163455247879028,1.1103955507278442,1.1111727952957153
2024-09-25,1.1191190481185913,1.1212396621704102,1.1141688823699951,1.1191190481185913
2024-09-26,1.1131023168563843,1.118956208229065,1.112681269645691,1.1131023168563843
2024-09-27,1.117717981338501,1.1199839115142822,1.1126564741134644,1.117717981338501
2024-09-30,1.1169815063476562,1.1208375692367554,1.1136106252670288,1.1169815063476562
2024-10-01,1.113660216331482,1.1145787239074707,1.1061090230941772,1.113660216331482
2024-10-02,1.1063904762268066,1.108217477798462,1.1034117937088013,1.1063904762268066
2024-10-03,1.1048502922058105,1.1048502922058105,1.1009578704833984,1.1048502922058105
2024-10-04,1.103557825088501,1.1039965152740479,1.0956143140792847,1.103557825088501
2024-10-07,1.0974539518356323,1.0985027551651,1.095554232597351,1.0974539518356323
2024-10-08,1.0975743532180786,1.0997470617294312,1.096166729927063,1.0975743532180786
2024-10-09,1.0975743532180786,1.098056435585022,1.094067931175232,1.0975743532180786
2024-10-10,1.0943313837051392,1.095446228981018,1.0914051532745361,1.0943313837051392
2024-10-11,1.0933860540390015,1.0954222679138184,1.0927408933639526,1.0933860540390015
2024-10-14,1.0925379991531372,1.0939722061157227,1.0905719995498657,1.0925379991531372
2024-10-15,1.0909169912338257,1.0918222665786743,1.0885775089263916,1.0909169912338257
2024-10-16,1.0884116888046265,1.0901559591293335,1.0868147611618042,1.0884116888046265
2024-10-17,1.0862481594085693,1.0869920253753662,1.0813850164413452,1.0862481594085693
2024-10-18,1.0829542875289917,1.0863661766052246,1.0828253030776978,1.0829542875289917
2024-10-21,1.0868619680404663,1.08695650100708,1.0821105241775513,1.0868619680404663
2024-10-22,1.0817828178405762,1.0837758779525757,1.0801936388015747,1.0817828178405762
2024-10-23,1.079727053642273,1.0808473825454712,1.0762641429901123,1.079727053642273
2024-10-24,1.0780508518218994,1.0810226202011108,1.0771567821502686,1.0780508518218994
2024-10-25,1.0824151039123535,1.0842459201812744,1.081186294555664,1.0824151039123535
2024-10-28,1.0796570777893066,1.0827198028564453,1.078271746635437,1.0796570777893066
2024-10-29,1.0816774368286133,1.0826259851455688,1.077040672302246,1.0816774368286133
2024-10-30,1.0820636749267578,1.0866730213165283,1.0809992551803589,1.0820636749267578
2024-10-31,1.0859178304672241,1.0888383388519287,1.0845046043395996,1.0859178304672241
2024-11-01,1.0886130332946777,1.0904054641723633,1.084845781326294,1.0886130332946777
2024-11-04,1.087453007698059,1.0915838479995728,1.0870392322540283,1.087453007698059
2024-11-05,1.0874056816101074,1.0921800136566162,1.0873347520828247,1.0874056816101074
2024-11-06,1.093445897102356,1.0933382511138916,1.068376064300537,1.093445897102356
2024-11-07,1.073306918144226,1.082602620124817,1.0714094638824463,1.073306918144226
2024-11-08,1.0795172452926636,1.0797386169433594,1.0710422992706299,1.0795172452926636
2024-11-11,1.0714898109436035,1.0728462934494019,1.0628799200057983,1.0714898109436035
2024-11-12,1.066439151763916,1.0663481950759888,1.0597037076950073,1.066439151763916
2024-11-13,1.061672568321228,1.0649060010910034,1.0559773445129395,1.061672568321228
2024-11-14,1.0564124584197998,1.0580891370773315,1.0499238967895508,1.0564124584197998
2024-11-15,1.0530084371566772,1.0591648817062378,1.052443265914917,1.0530084371566772
2024-11-18,1.0533745288848877,1.0586491823196411,1.0531193017959595,1.0533745288848877
2024-11-19,1.059490442276001,1.0601080656051636,1.0528532266616821,1.059490442276001
2024-11-20,1.0607603788375854,1.0612331628799438,1.0508506298065186,1.0607603788375854
2024-11-21,1.0546187162399292,1.0557432174682617,1.0469120740890503,1.0546187162399292
2024-11-22,1.0469341278076172,1.0498688220977783,1.0339871644973755,1.0469341278076172
2024-11-25,1.0479873418807983,1.0529640913009644,1.0449539422988892,1.0479873418807983
2024-11-26,1.0444300174713135,1.0543851852416992,1.0427310466766357,1.0444300174713135
2024-11-27,1.0491198301315308,1.0583466291427612,1.0475481748580933,1.0491198301315308
2024-11-28,1.0562450885772705,1.0565240383148193,1.0529197454452515,1.0562450885772705
2024-11-29,1.0563008785247803,1.0595465898513794,1.0542962551116943,1.0563008785247803
2024-12-02,1.0545742511749268,1.0545742511749268,1.0462220907211304,1.0545074939727783
2024-12-03,1.0501223802566528,1.0530306100845337,1.048185110092163,1.0501223802566528
2024-12-04,1.0510826110839844,1.0540074110031128,1.0473946332931519,1.0510826110839844
2024-12-05,1.051414132118225,1.0588284730911255,1.050894856452942,1.051414132118225
2024-12-06,1.058559536933899,1.0626428127288818,1.0546075105667114,1.058559536933899
2024-12-09,1.0565463304519653,1.0592771768569946,1.0533078908920288,1.0565463304519653
2024-12-10,1.0555204153060913,1.056747317314148,1.0500340461730957,1.0555204153060913
2024-12-11,1.0532968044281006,1.0540739297866821,1.0481630563735962,1.0532968044281006
2024-12-12,1.0506850481033325,1.052997350692749,1.0464848279953003,1.0506850481033325
2024-12-13,1.0474056005477905,1.0522992610931396,1.045434594154358,1.0474056005477905
2024-12-16,1.051005244255066,1.0524100065231323,1.0475043058395386,1.051005244255066
2024-12-17,1.0517348051071167,1.0532857179641724,1.047998309135437,1.0517348051071167
2024-12-18,1.0495051145553589,1.0515247583389282,1.0467805862426758,1.0495051145553589
2024-12-19,1.0350252389907837,1.0422203540802002,1.0352503061294556,1.0350252389907837
2024-12-20,1.0364949703216553,1.0433076620101929,1.0344257354736328,1.0364949703216553
2024-12-23,1.0433076620101929,1.0448229312896729,1.038594126701355,1.0433076620101929
2024-12-24,1.0405826568603516,1.0411244630813599,1.0387451648712158,1.0405826568603516
2024-12-25,1.0402579307556152,1.0432968139648438,1.0401498079299927,1.0402579307556152
2024-12-26,1.0399551391601562,1.042535424232483,1.0391446352005005,1.0399551391601562
2024-12-27,1.0423181056976318,1.0444954633712769,1.0406694412231445,1.0423181056976318
2024-12-30,1.0429377555847168,1.0458500385284424,1.0374196767807007,1.0429377555847168
2024-12-31,1.040615200996399,1.0424268245697021,1.0348539352416992,1.040615200996399
2025-01-02,1.0351860523223877,1.0375596284866333,1.0231853723526,1.0351860523223877
2025-01-03,1.0268205404281616,1.0305347442626953,1.0265464782714844,1.0268205404281616
2025-01-06,1.0305347442626953,1.0435036420822144,1.029632806777954,1.0305347442626953
2025-01-07,1.0386372804641724,1.043623447418213,1.035947322845459,1.0386372804641724
2025-01-08,1.034554123878479,1.0358400344848633,1.0276752710342407,1.034554123878479
2025-01-09,1.0314701795578003,1.0323113203048706,1.0286160707473755,1.0314701795578003
2025-01-10,1.0297601222991943,1.0311936140060425,1.0221186876296997,1.0297601222991943
2025-01-13,1.0244431495666504,1.025020718574524,1.0183818340301514,1.0244431495666504
2025-01-14,1.0265253782272339,1.0303966999053955,1.0239711999893188,1.0265253782272339
2025-01-15,1.0306835174560547,1.0350252389907837,1.0270631313323975,1.0306835174560547
2025-01-16,1.0295268297195435,1.0311510562896729,1.0263779163360596,1.0295268297195435
2025-01-17,1.0301949977874756,1.0329724550247192,1.0266518592834473,1.0301949977874756
2025-01-20,1.0277386903762817,1.0427310466766357,1.0279394388198853,1.0277386903762817
2025-01-21,1.0420682430267334,1.0434056520462036,1.034457802772522,1.0420682430267334
2025-01-22,1.0405935049057007,1.0458062887191772,1.0400739908218384,1.0405935049057007
2025-01-23,1.0410159826278687,1.042546272277832,1.0385618209838867,1.0410159826278687
2025-01-24,1.041601538658142,1.051934003829956,1.0413196086883545,1.041601538658142
2025-01-27,1.0467586517333984,1.0533745288848877,1.045434594154358,1.0467586517333984
2025-01-28,1.0445064306259155,1.0455766916275024,1.0415256023406982,1.0445064306259155
2025-01-29,1.0429050922393799,1.0444954633712769,1.0383461713790894,1.0429050922393799
2025-01-30,1.0425245761871338,1.0465506315231323,1.0391337871551514,1.0425245761871338
2025-01-31,1.0397279262542725,1.0412328243255615,1.0362050533294678,1.0397279262542725
2025-02-03,1.024779200553894,1.032652497291565,1.0213043689727783,1.024779200553894
2025-02-04,1.0327378511428833,1.0386804342269897,1.0276541709899902,1.0327378511428833
2025-02-05,1.0372798442840576,1.0436452627182007,1.0370432138442993,1.0372798442840576
2025-02-06,1.0400848388671875,1.040528655052185,1.0354539155960083,1.0400848388671875
2025-02-07,1.0385725498199463,1.0405935049057007,1.0324605703353882,1.0385725498199463
2025-02-10,1.0311616659164429,1.0336023569107056,1.0299509763717651,1.0311616659164429
2025-02-11,1.0301525592803955,1.0351966619491577,1.0292725563049316,1.0301525592803955
2025-02-12,1.0364949703216553,1.039565920829773,1.031821370124817,1.0364949703216553
2025-02-13,1.039198637008667,1.044571876525879,1.0379257202148438,1.039198637008667
2025-02-14,1.0461673736572266,1.0513699054718018,1.0448119640350342,1.0461673736572266
2025-02-17,1.0489217042922974,1.0507071018218994,1.0467368364334106,1.0489217042922974
2025-02-18,1.048536777496338,1.0486466884613037,1.044277310371399,1.048536777496338
2025-02-19,1.044833779335022,1.0462440252304077,1.0405069589614868,1.044833779335022
2025-02-20,1.0421009063720703,1.047877550125122,1.0419706106185913,1.0421009063720703
2025-02-21,1.0500562191009521,1.0507513284683228,1.0449975728988647,1.0500562191009521
2025-02-24,1.0474823713302612,1.0528643131256104,1.045434594154358,1.0474823713302612
2025-02-25,1.0461344718933105,1.0518454313278198,1.0457953214645386,1.0461344718933105
2025-02-26,1.0524100065231323,1.0527424812316895,1.0476469993591309,1.0524100065231323
2025-02-27,1.0488777160644531,1.0489877462387085,1.0404852628707886,1.0488777160644531
2025-02-28,1.039511799812317,1.0421009063720703,1.038184404373169,1.039511799812317
2025-03-03,1.0413846969604492,1.050023078918457,1.039047360420227,1.0413846969604492
2025-03-04,1.0485037565231323,1.0559550523757935,1.0471752882003784,1.0485037565231323
2025-03-05,1.062699317932129,1.0785857439041138,1.0602879524230957,1.062699317932129
2025-03-06,1.0794938802719116,1.0851047039031982,1.0782485008239746,1.0794938802719116
2025-03-07,1.0787951946258545,1.088565707206726,1.0782135725021362,1.0787951946258545
2025-03-10,1.086059331893921,1.0873465538024902,1.0806254148483276,1.086059331893921
2025-03-11,1.0839403867721558,1.0930275917053223,1.0836819410324097,1.0839403867721558
2025-03-12,1.0914170742034912,1.093457818031311,1.087725043296814,1.0914170742034912
2025-03-13,1.0886249542236328,1.0899182558059692,1.082297921180725,1.0886249542236328
2025-03-14,1.085564136505127,1.0910122394561768,1.0831302404403687,1.085564136505127
2025-03-17,1.0881274938583374,1.0928961038589478,1.0869210958480835,1.0881274938583374
2025-03-18,1.091917634010315,1.095446228981018,1.0897043943405151,1.091917634010315
2025-03-19,1.093948245048523,1.0945708751678467,1.0875948667526245,1.093948245048523
2025-03-20,1.0911908149719238,1.0917507410049438,1.0818296670913696,1.0911908149719238
2025-03-21,1.0856702327728271,1.086130142211914,1.0805671215057373,1.0856702327728271
2025-03-24,1.0835762023925781,1.0856938362121582,1.079074501991272,1.0835762023925781
2025-03-25,1.0803569555282593,1.0830715894699097,1.0778650045394897,1.0803569555282593
2025-03-26,1.0787487030029297,1.080228567123413,1.076878309249878,1.0787487030029297
2025-03-27,1.0742061138153076,1.0818763971328735,1.0742061138153076,1.0742061138153076
2025-03-28,1.080100178718567,1.0845280885696411,1.07658851146698,1.080100178718567
2025-03-31,1.082391619682312,1.084845781326294,1.0785740613937378,1.082391619682312
2025-04-01,1.0818880796432495,1.0830715894699097,1.0779578685760498,1.0818880796432495
2025-04-02,1.0795987844467163,1.087263822555542,1.0782020092010498,1.0795987844467163
2025-04-03,1.090869426727295,1.1133378744125366,1.0882458686828613,1.090869426727295
2025-04-04,1.1043744087219238,1.1107531785964966,1.0964791774749756,1.1043744087219238
2025-04-07,1.098454475402832,1.1049845218658447,1.0903223752975464,1.098454475402832
2025-04-08,1.0915361642837524,1.0991909503936768,1.0891940593719482,1.0915361642837524
2025-04-09,1.0980443954467773,1.1094838380813599,1.0972250699996948,1.0980443954467773
2025-04-10,1.0952062606811523,1.122536063194275,1.0953142642974854,1.0952062606811523
2025-04-11,1.1257838010787964,1.1471836566925049,1.1250872611999512,1.1257838010787964
2025-04-14,1.1343141794204712,1.1424784660339355,1.1299690008163452,1.1343141794204712
2025-04-15,1.1339668035507202,1.1377859115600586,1.1285662651062012,1.1339668035507202
2025-04-16,1.1292672157287598,1.1390169858932495,1.129420280456543,1.1292672157287598
2025-04-17,1.1396790742874146,1.1396400928497314,1.13413405418396,1.1396790742874146
2025-04-22,1.1512778997421265,1.1546543836593628,1.1453967094421387,1.1512778997421265
2025-04-23,1.1351252794265747,1.144007682800293,1.13379967212677,1.1351252794265747
2025-04-24,1.132733702659607,1.1394323110580444,1.1322335004806519,1.132733702659607
2025-04-25,1.1371906995773315,1.1384334564208984,1.1316184997558594,1.1371906995773315
2025-04-28,1.1343141794204712,1.140823245048523,1.133105993270874,1.1343141794204712
2025-04-29,1.1409143209457397,1.1419566869735718,1.1371389627456665,1.1409143209457397
2025-04-30,1.1389262676239014,1.1398869752883911,1.1327080726623535,1.1389262676239014
2025-05-01,1.1324899196624756,1.1340954303741455,1.126697063446045,1.1324899196624756
2025-05-02,1.1296498775482178,1.1378635168075562,1.1275228261947632,1.1296498775482178
2025-05-05,1.1323232650756836,1.1364539861679077,1.1312856674194336,1.1323232650756836
2025-05-06,1.1313369274139404,1.1361182928085327,1.1281206607818604,1.1313369274139404
2025-05-07,1.1342755556106567,1.1377729177474976,1.1327080726623535,1.1342755556106567
2025-05-08,1.1306205987930298,1.1336711645126343,1.123608112335205,1.1306205987930298
2025-05-09,1.122422695159912,1.1291142702102661,1.1199839115142822,1.122422695159912
2025-05-12,1.12296462059021,1.1242902278900146,1.1075055599212646,1.12296462059021
2025-05-13,1.1095577478408813,1.1177430152893066,1.109668493270874,1.1095577478408813
2025-05-14,1.1185556650161743,1.1264559030532837,1.1182429790496826,1.1185556650161743
2025-05-15,1.1181930303573608,1.1227755546569824,1.117480754852295,1.1181930303573608
2025-05-16,1.1192693710327148,1.1219944953918457,1.1141440868377686,1.1192693710327148
2025-05-19,1.1187559366226196,1.128604531288147,1.1173559427261353,1.1187559366226196
2025-05-20,1.1233429908752441,1.1277261972427368,1.12186861038208,1.1233429908752441
2025-05-21,1.1287955045700073,1.1362345218658447,1.1287446022033691,1.1287955045700073
2025-05-22,1.133118748664856,1.134455680847168,1.1267098188400269,1.133118748664856
2025-05-23,1.1281843185424805,1.1376564502716064,1.1279934644699097,1.1281843185424805
2025-05-26,1.1372811794281006,1.1418914794921875,1.136932134628296,1.1372811794281006
2025-05-27,1.1388484239578247,1.1409013271331787,1.1325156688690186,1.1388484239578247
2025-05-28,1.1337097883224487,1.1345586776733398,1.128426194190979,1.1337097883224487
2025-05-29,1.123368263244629,1.1369450092315674,1.12271249294281,1.123368263244629
2025-05-30,1.1378376483917236,1.1390429735183716,1.1314393281936646,1.1378376483917236
2025-06-02,1.1353315114974976,1.1449114084243774,1.135589361190796,1.1353315114974976
2025-06-03,1.1453442573547363,1.145514726638794,1.1367640495300293,1.1453442573547363
2025-06-04,1.1384464502334595,1.143458366394043,1.1359375715255737,1.1384464502334595
2025-06-05,1.1422044038772583,1.1494252681732178,1.1406149864196777,1.1422044038772583
2025-06-06,1.1453834772109985,1.1458691358566284,1.137229561805725,1.1453834772109985
2025-06-09,1.1407841444015503,1.1440337896347046,1.138757586479187,1.1407841444015503
2025-06-10,1.1428048610687256,1.1448328495025635,1.1374623775482178,1.1428048610687256
2025-06-11,1.143746018409729,1.149095058441162,1.1406019926071167,1.143746018409729
2025-06-12,1.1509333848953247,1.1628718376159668,1.1502846479415894,1.1509333848953247
2025-06-13,1.1600254774093628,1.1612108945846558,1.1492931842803955,1.1600254774093628
2025-06-16,1.1556684970855713,1.1614806652069092,1.1524852514266968,1.1556684970855713
2025-06-17,1.1551345586776733,1.1574074029922485,1.1512514352798462,1.1551345586776733
2025-06-18,1.1482638120651245,1.1530035734176636,1.1482374668121338,1.1482638120651245
2025-06-19,1.1477497816085815,1.1486859321594238,1.1448458433151245,1.1477497816085815
2025-06-20,1.1512778997421265,1.1534557342529297,1.1496102809906006,1.1512778997421265
2025-06-23,1.1500862836837769,1.1551746129989624,1.1455540657043457,1.1500862836837769
2025-06-24,1.1599044799804688,1.1635890007019043,1.1582921743392944,1.1599044799804688
2025-06-25,1.161224365234375,1.1631423234939575,1.1590977907180786,1.161224365234375
2025-06-26,1.1683744192123413,1.1743428707122803,1.1668611764907837,1.1683744192123413
2025-06-27,1.1692214012145996,1.1750881671905518,1.1684290170669556,1.1692214012145996
2025-06-30,1.1727453470230103,1.177163004875183,1.170905351638794,1.1727453470230103
2025-07-01,1.178717017173767,1.1830259561538696,1.1767750978469849,1.178717017173767
2025-07-02,1.180553913116455,1.1810001134872437,1.1749224662780762,1.180553913116455
2025-07-03,1.18002450466156,1.1813349723815918,1.1720856428146362,1.18002450466156
2025-07-04,1.1771491765975952,1.1786893606185913,1.1756683588027954,1.1771491765975952
2025-07-07,1.178078293800354,1.179008960723877,1.1719070672988892,1.178078293800354
2025-07-08,1.1736538410186768,1.17648446559906,1.168470025062561,1.1736538410186768
2025-07-09,1.1724566221237183,1.1728830337524414,1.1690847873687744,1.1724566221237183
2025-07-10,1.17311692237854,1.1750881671905518,1.166575312614441,1.17311692237854
2025-07-11,1.1702749729156494,1.1713716983795166,1.1665889024734497,1.1702749729156494
2025-07-14,1.1682106256484985,1.169864296913147,1.1656641960144043,1.1682106256484985
2025-07-15,1.1666297912597656,1.1692078113555908,1.1602139472961426,1.1666297912597656
2025-07-16,1.1607391834259033,1.1716736555099487,1.1564035415649414,1.1607391834259033
2025-07-17,1.1635754108428955,1.1635754108428955,1.1569386720657349,1.1635754108428955
2025-07-18,1.161548137664795,1.1669564247131348,1.1612648963928223,1.161548137664795
2025-07-21,1.1630746126174927,1.1716736555099487,1.1614941358566284,1.1630746126174927
2025-07-22,1.1694538593292236,1.174936294555664,1.1680059432983398,1.1694538593292236
2025-07-23,1.1739156246185303,1.1752538681030273,1.1712344884872437,1.1739156246185303
2025-07-24,1.1774264574050903,1.1787587404251099,1.1733232736587524,1.1774264574050903
2025-07-25,1.1756131649017334,1.1760693788528442,1.1707408428192139,1.1756131649017334
2025-07-28,1.1756821870803833,1.1770660877227783,1.1609952449798584,1.1756821870803833
2025-07-29,1.1596757173538208,1.160092830657959,1.1519941091537476,1.1596757173538208
2025-07-30,1.1550945043563843,1.157273530960083,1.1459347009658813,1.1550945043563843
2025-07-31,1.1429355144500732,1.1460267305374146,1.1406540870666504,1.1429355144500732
2025-08-01,1.142374038696289,1.1582921743392944,1.1394582986831665,1.142374038696289
2025-08-04,1.158668041229248,1.1588828563690186,1.1550945043563843,1.158668041229248
2025-08-05,1.1584129333496094,1.158815622329712,1.1530035734176636,1.1584129333496094
2025-08-06,1.1579166650772095,1.164646029472351,1.156510591506958,1.1579166650772095
2025-08-07,1.1663167476654053,1.1695358753204346,1.1614266633987427,1.1663167476654053
2025-08-08,1.1676650047302246,1.167924165725708,1.1630746126174927,1.1676650047302246
2025-08-11,1.1647952795028687,1.1676785945892334,1.1591111421585083,1.1647952795028687
2025-08-12,1.1618449687957764,1.1694538593292236,1.1599314212799072,1.1618449687957764
2025-08-13,1.1677058935165405,1.1730618476867676,1.1671879291534424,1.1677058935165405
2025-08-14,1.171289324760437,1.1715638637542725,1.1638462543487549,1.171289324760437
2025-08-15,1.1651345491409302,1.171522617340088,1.1647816896438599,1.1651345491409302
2025-08-18,1.1706587076187134,1.1710972785949707,1.166167140007019,1.1706587076187134
2025-08-19,1.1668338775634766,1.169344425201416,1.1641037464141846,1.1668338775634766
2025-08-20,1.164252758026123,1.1672561168670654,1.1623852252960205,1.164252758026123
2025-08-21,1.165175199508667,1.1661943197250366,1.1602678298950195,1.165175199508667
2025-08-22,1.16130530834198,1.1730343103408813,1.1583592891693115,1.16130530834198
2025-08-25,1.1709601879119873,1.1719757318496704,1.1667250394821167,1.1709601879119873
2025-08-26,1.1618449687957764,1.1664528846740723,1.1602543592453003,1.1618449687957764
2025-08-27,1.1639411449432373,1.1642799377441406,1.157474398612976,1.1639411449432373
2025-08-28,1.1647952795028687,1.168770432472229,1.1629530191421509,1.1647952795028687
2025-08-29,1.1681560277938843,1.1707408428192139,1.1654332876205444,1.1681560277938843
2025-09-01,1.1691803932189941,1.1735849380493164,1.1688660383224487,1.1691803932189941
2025-09-02,1.1715912818908691,1.1716049909591675,1.1613458395004272,1.1715912818908691
2025-09-03,1.163602590560913,1.1682243347167969,1.1609817743301392,1.163602590560913
2025-09-04,1.16604483127594,1.1667931079864502,1.1632235050201416,1.16604483127594
2025-09-05,1.1656913757324219,1.1759172677993774,1.1653246879577637,1.1656913757324219
2025-09-08,1.1713168621063232,1.175585389137268,1.1705764532089233,1.1713168621063232
2025-09-09,1.1769136190414429,1.1780366897583008,1.1718658208847046,1.1769136190414429
2025-09-10,1.1702749729156494,1.1730204820632935,1.1688660383224487,1.1702749729156494
2025-09-11,1.1703435182571411,1.1745636463165283,1.1668883562088013,1.1703435182571411
2025-09-12,1.1734747886657715,1.1748120784759521,1.170261263847351,1.1734747886657715
2025-09-15,1.1726491451263428,1.1774401664733887,1.1717147827148438,1.1726491451263428
2025-09-16,1.1763737201690674,1.1852554082870483,1.17583429813385,1.1763737201690674
2025-09-17,1.1871408224105835,1.187295913696289,1.18343186378479,1.1871408224105835
2025-09-18,1.1826341152191162,1.1848341226577759,1.1751296520233154,1.1826341152191162
2025-09-19,1.1791062355041504,1.1793843507766724,1.1730343103408813,1.1791062355041504
2025-09-22,1.1736950874328613,1.1786893606185913,1.172717809677124,1.1736950874328613
2025-09-23,1.1801080703735352,1.1820051670074463,1.178175449371338,1.1801080703735352
2025-09-24,1.1814465522766113,1.1816558837890625,1.1731306314468384,1.1814465522766113
2025-09-25,1.1744670867919922,1.1754333972930908,1.1667931079864502,1.1744670867919922
2025-09-26,1.166275978088379,1.1702202558517456,1.16593599319458,1.166275978088379
2025-09-29,1.170823097229004,1.1754887104034424,1.1705353260040283,1.170823097229004
2025-09-30,1.1731443405151367,1.1759449243545532,1.1713168621063232,1.1731443405151367
2025-10-01,1.1735849380493164,1.1778839826583862,1.171687364578247,1.1735849380493164
2025-10-02,1.1734058856964111,1.1759172677993774,1.1685655117034912,1.1734058856964111
2025-10-03,1.1725116968154907,1.1756683588027954,1.1716187000274658,1.1725116968154907
2025-10-06,1.171248197555542,1.1731581687927246,1.1654061079025269,1.171248197555542
2025-10-07,1.171028733253479,1.1710972785949707,1.1655147075653076,1.171028733253479
2025-10-08,1.1654603481292725,1.1652973890304565,1.1603620052337646,1.1654603481292725
2025-10-09,1.1631964445114136,1.164958119392395,1.1549211740493774,1.1631964445114136
2025-10-10,1.156644344329834,1.1629935503005981,1.1560827493667603,1.156644344329834
2025-10-13,1.160240888595581,1.1629664897918701,1.1559356451034546,1.160240888595581
2025-10-14,1.1566845178604126,1.160725712776184,1.154521107673645,1.1566845178604126
2025-10-15,1.1602274179458618,1.1648223400115967,1.1602543592453003,1.1602274179458618
2025-10-16,1.1646324396133423,1.1678286790847778,1.1643340587615967,1.1646324396133423
2025-10-17,1.1699601411819458,1.1728416681289673,1.165813684463501,1.1699601411819458
2025-10-20,1.165745735168457,1.1676785945892334,1.1645375490188599,1.165745735168457
2025-10-21,1.164442539215088,1.1656370162963867,1.1598505973815918,1.164442539215088
2025-10-22,1.160038948059082,1.1616560220718384,1.1577692031860352,1.160038948059082
2025-10-23,1.1608469486236572,1.1621150970458984,1.1586410999298096,1.1608469486236572
2025-10-24,1.1618045568466187,1.164768099784851,1.1601735353469849,1.1618045568466187
2025-10-27,1.1631693840026855,1.164958119392395,1.1618720293045044,1.1631693840026855
2025-10-28,1.165175199508667,1.1668611764907837,1.1627906560897827,1.165175199508667
2025-10-29,1.1657865047454834,1.1665889024734497,1.1619800329208374,1.1657865047454834
2025-10-30,1.1603351831436157,1.1634671688079834,1.1547610759735107,1.1603351831436157
2025-10-31,1.157246708869934,1.1577826738357544,1.152379035949707,1.157246708869934
2025-11-03,1.1528042554855347,1.1542012691497803,1.1506155729293823,1.1528042554855347
2025-11-04,1.1519144773483276,1.1532961130142212,1.1473548412322998,1.1519144773483276
2025-11-05,1.1485539674758911,1.149795413017273,1.1470125913619995,1.1485539674758911
2025-11-06,1.1496764421463013,1.154294490814209,1.149385690689087,1.1496764421463013
2025-11-07,1.1549211740493774,1.1589902639389038,1.153043508529663,1.1549211740493774
2025-11-10,1.1554548740386963,1.1582250595092773,1.1543744802474976,1.1543878316879272
2025-11-11,1.1557353734970093,1.1606314182281494,1.1548144817352295,1.1557220220565796
2025-11-12,1.1588828563690186,1.1597968339920044,1.1563233137130737,1.1587486267089844
2025-11-13,1.159245491027832,1.1649309396743774,1.1579837799072266,1.159218668937683
2025-11-14,1.1630746126174927,1.1653653383255005,1.1608065366744995,1.1631964445114136
2025-11-17,1.16146719455719,1.1617100238800049,1.1583056449890137,1.1615345478057861
2025-11-18,1.159003734588623,1.1606987714767456,1.1573805809020996,1.159057378768921
2025-11-19,1.158104419708252,1.1597565412521362,1.1535356044769287,1.1581177711486816
2025-11-20,1.154068112373352,1.1551345586776733,1.1507744789123535,1.154068112373352
2025-11-21,1.1535356044769287,1.1552013158798218,1.1492139101028442,1.1534557342529297
2025-11-24,1.1507877111434937,1.1551345586776733,1.1502846479415894,1.1507612466812134
2025-11-25,1.1520737409591675,1.1583458185195923,1.1512116193771362,1.1520073413848877
2025-11-26,1.156577467918396,1.1602274179458618,1.154961109161377,1.156483769416809
2025-11-27,1.1603620052337646,1.1615750789642334,1.1577155590057373,1.1602139472961426
2025-11-28,1.1600254774093628,1.1606718301773071,1.1557353734970093,1.1599851846694946
2025-12-01,1.1602139472961426,1.1651887893676758,1.159003734588623,1.1601465940475464
2025-12-02,1.1607661247253418,1.1623852252960205,1.1592992544174194,1.1607661247253418
2025-12-03,1.1628988981246948,1.1675832271575928,1.1628177165985107,1.1627906560897827
2025-12-04,1.166670560836792,1.1682243347167969,1.1653653383255005,1.1666841506958008
2025-12-05,1.1644561290740967,1.167147159576416,1.162858247756958,1.1642799377441406
2025-12-08,1.1641172170639038,1.1672561168670654,1.1616965532302856,1.164022445678711
2025-12-09,1.1641442775726318,1.165677785873413,1.1616965532302856,1.1641442775726318
2025-12-10,1.1628447771072388,1.165745735168457,1.1622366905212402,1.1628313064575195
2025-12-11,1.170192837715149,1.1759449243545532,1.1683062314987183,1.1701242923736572
2025-12-12,1.1741361618041992,1.1746740341186523,1.172016978263855,1.1739431619644165
2025-12-15,1.1737502813339233,1.1769136190414429,1.1727042198181152,1.1737639904022217
2025-12-16,1.1755025386810303,1.18047034740448,1.1746050119400024,1.1754610538482666
2025-12-17,1.1749638319015503,1.1757928133010864,1.1704530715942383,1.1749500036239624
2025-12-18,1.1742188930511475,1.1758896112442017,1.17134428024292,1.1742326021194458
2025-12-19,1.1725391149520874,1.1737502813339233,1.1704120635986328,1.1725666522979736
2025-12-22,1.1710835695266724,1.177024483680725,1.1710835695266724,1.1708093881607056
2025-12-23,1.1764428615570068,1.18035888671875,1.176429033279419,1.1765950918197632
2025-12-24,1.179565191268921,1.1809163093566895,1.1774264574050903,1.179551362991333
2025-12-26,1.178383708000183,1.179940938949585,1.1763044595718384,1.1785364151000977
2025-12-29,1.1774957180023193,1.1788560152053833,1.1754058599472046,1.1772738695144653
2025-12-30,1.1773016452789307,1.1781338453292847,1.1746188402175903,1.1772878170013428
2025-12-31,1.1746463775634766,1.1758756637573242,1.1720856428146362,1.1747292280197144
2026-01-02,1.1751158237457275,1.176747441291809,1.17134428024292,1.175046682357788
2026-01-05,1.1706448793411255,1.1718658208847046,1.166003942489624,1.1704667806625366
2026-01-06,1.1716461181640625,1.1745359897613525,1.1684154272079468,1.1714951992034912
2026-01-07,1.1687841415405273,1.170548915863037,1.1674468517303467,1.1688251495361328
2026-01-08,1.1677467823028564,1.1684973239898682,1.1652837991714478,1.1676785945892334
2026-01-09,1.165813684463501,1.16604483127594,1.161926031112671,1.1657865047454834
2026-01-12,1.162493348121643,1.169864296913147,1.162304162979126,1.1623716354370117
2026-01-13,1.1667931079864502,1.1675423383712769,1.1635212898254395,1.1666978597640991
2026-01-14,1.1643340587615967,1.1663167476654053,1.1637108325958252,1.164252758026123
2026-01-15,1.1645103693008423,1.164686679840088,1.1593934297561646,1.1646324396133423
2026-01-16,1.1609547138214111,1.1626555919647217,1.1585471630096436,1.1609008312225342
2026-01-19,1.1623852252960205,1.164958119392395,1.1609547138214111,1.162493348121643
2026-01-20,1.1639952659606934,1.1747016906738281,1.1633453369140625,1.1639139652252197
2026-01-21,1.1726078987121582,1.1742602586746216,1.169700026512146,1.1727865934371948
2026-01-22,1.167392373085022,1.1750743389129639,1.167392373085022,1.1672970056533813
2026-01-23,1.1753920316696167,1.1775649785995483,1.1728966236114502,1.1754610538482666
2026-01-26,1.1858175992965698,1.1904903650283813,1.183712124824524,1.1858457326889038
2026-01-27,1.1874228715896606,1.1989833116531372,1.185185194015503,1.1876484155654907
2026-01-28,1.2022699117660522,1.2023565769195557,1.1921935081481934,1.2017642259597778
2026-01-29,1.1976622343063354,1.1994577646255493,1.1908447742462158,1.1977769136428833
2026-01-30,1.1967878341674805,1.1973466873168945,1.187394618988037,1.19657301902771
2026-02-02,1.185044765472412,1.1875073909759521,1.179078459739685,1.1849182844161987
2026-02-03,1.1799131631851196,1.1824523210525513,1.178078293800354,1.1798714399337769
2026-02-04,1.1816281080245972,1.1838523149490356,1.1792314052581787,1.1816140413284302
2026-02-05,1.1802334785461426,1.1820470094680786,1.1780505180358887,1.180163860321045
2026-02-06,1.1777453422546387,1.1826481819152832,1.176747441291809,1.177786946296692
2026-02-09,1.1826202869415283,1.1925204992294312,1.1817816495895386,1.182578206062317
2026-02-10,1.1904761791229248,1.192847728729248,1.1890182495117188,1.1904053688049316
2026-02-11,1.188792109489441,1.192733883857727,1.1839083433151245,1.1889617443084717
2026-02-12,1.1875356435775757,1.1890605688095093,1.1853257417678833,1.1876062154769897
2026-02-13,1.1869717836380005,1.1879446506500244,1.1848762035369873,1.1868449449539185
2026-02-16,1.186704158782959,1.1870845556259155,1.1847639083862305,1.1867464780807495
2026-02-17,1.1850868463516235,1.1852554082870483,1.180553913116455,1.1849884986877441
2026-02-18,1.185157060623169,1.1853959560394287,1.1810418367385864,1.185185194015503
2026-02-19,1.1791062355041504,1.1807769536972046,1.1743016242980957,1.1788839101791382
2026-02-20,1.1769136190414429,1.1806097030639648,1.1745498180389404,1.1769136190414429
2026-02-23,1.1829839944839478,1.183445930480957,1.1775233745574951,1.1834739446640015
2026-02-24,1.1793148517608643,1.1796625852584839,1.1767336130142212,1.1793843507766724
2026-02-25,1.1775511503219604,1.180790901184082,1.1771352291107178,1.1775233745574951
2026-02-26,1.181544303894043,1.1830118894577026,1.1782448291778564,1.181516408920288
2026-02-27,1.1803449392318726,1.182396411895752,1.1790506839752197,1.1803030967712402
2026-03-02,1.1760140657424927,1.1795791387557983,1.1672834157943726,1.1759449243545532
2026-03-03,1.1694538593292236,1.1707134246826172,1.153203010559082,1.1697274446487427
2026-03-04,1.161089539527893,1.1654876470565796,1.1576753854751587,1.161224365234375
2026-03-05,1.1635212898254395,1.164686679840088,1.1561896800994873,1.1635618209838867
2026-03-06,1.1607122421264648,1.16225004196167,1.1547610759735107,1.1608065366744995
2026-03-09,1.1525650024414062,1.159366488456726,1.150814175605774,1.152325987815857
2026-03-10,1.1616694927215576,1.1663848161697388,1.1608469486236572,1.1617234945297241
2026-03-11,1.1613187789916992,1.164401888847351,1.1566978693008423,1.1611299514770508
2026-03-12,1.1541746854782104,1.156738042831421,1.151145339012146,1.1543211936950684
2026-03-13,1.1522197723388672,1.152923822402954,1.1434844732284546,1.1521666049957275
2026-03-16,1.1438244581222534,1.1501259803771973,1.1415655612945557,1.1435105800628662
2026-03-17,1.1497821807861328,1.15421462059021,1.146696925163269,1.1499539613723755
2026-03-18,1.1539082527160645,1.1556684970855713,1.1492536067962646,1.153948187828064
2026-03-19,1.1462894678115845,1.1536552906036377,1.144505262374878,1.1464471817016602
2026-03-20,1.1575682163238525,1.1581177711486816,1.1526447534561157,1.157755732536316
2026-03-23,1.156376838684082,1.1637920141220093,1.1485011577606201,1.1560158729553223
2026-03-24,1.160779595375061,1.1616560220718384,1.1569254398345947,1.1607122421264648
2026-03-25,1.161386251449585,1.1631964445114136,1.1563634872436523,1.16146719455719
2026-03-26,1.1564704179763794,1.1574074029922485,1.1523923873901367,1.1561496257781982
2026-03-27,1.1535356044769287,1.1547343730926514,1.1502978801727295,1.1535090208053589
2026-03-30,1.1491875648498535,1.152339220046997,1.1443873643875122,1.149200677871704
2026-03-31,1.1457903385162354,1.1538816690444946,1.144924521446228,1.1460003852844238
2026-04-01,1.157112717628479,1.1626555919647217,1.1555883884429932,1.1574207544326782
2026-04-02,1.159151554107666,1.1598775386810303,1.1510393619537354,1.159057378768921
2026-04-03,1.1543878316879272,1.1548677682876587,1.1520869731903076,1.1541746854782104
2026-04-06,1.151185154914856,1.1570056676864624,1.1506949663162231,1.150999665260315
2026-04-07,1.1540547609329224,1.1583458185195923,1.1525251865386963,1.1541212797164917
2026-04-08,1.1690436601638794,1.172333002090454,1.1666841506958008,1.1686612367630005
2026-04-09,1.165813684463501,1.1706311702728271,1.1651073694229126,1.16593599319458
2026-04-10,1.1691941022872925,1.1741223335266113,1.1678149700164795,1.1691256761550903
2026-04-13,1.1672152280807495,1.1719481945037842,1.167147159576416,1.1675150394439697
2026-04-14,1.176345944404602,1.1810559034347534,1.1756960153579712,1.176885962486267
2026-04-15,1.179815649986267,1.1810559034347534,1.177398681640625,1.179940938949585
2026-04-16,1.1807769536972046,1.182382583618164,1.176955223083496,1.1809163093566895
2026-04-17,1.1778979301452637,1.1851149797439575,1.1772878170013428,1.1782727241516113
2026-04-20,1.1739156246185303,1.1791062355041504,1.1739156246185303,1.1741223335266113
2026-04-21,1.178383708000183,1.178828239440918,1.174315333366394,1.1784392595291138
2026-04-22,1.1745774745941162,1.176110863685608,1.1713716983795166,1.174425721168518
2026-04-23,1.1704941987991333,1.1716461181640625,1.167924165725708,1.1706037521362305
2026-04-24,1.1684017181396484,1.17205810546875,1.1673243045806885,1.16838800907135
2026-04-27,1.1705901622772217,1.1756407022476196,1.1705901622772217,1.1706448793411255
2026-04-28,1.1723191738128662,1.1728830337524414,1.1678286790847778,1.1723467111587524
2026-04-29,1.1719344854354858,1.172195553779602,1.1683608293533325,1.171783447265625
2026-04-30,1.168770432472229,1.17384672164917,1.165623426437378,1.168470025062561
2026-05-01,1.1730204820632935,1.1784532070159912,1.1719344854354858,1.172910451889038
2026-05-04,1.1726078987121582,1.17384672164917,1.1690847873687744,1.1726628541946411
2026-05-05,1.1691941022872925,1.1716461181640625,1.1677467823028564,1.1691941022872925
2026-05-06,1.1715089082717896,1.1796625852584839,1.1712619066238403,1.1715774536132812
2026-05-07,1.1748120784759521,1.177994966506958,1.1746740341186523,1.1747430562973022
2026-05-08,1.1730892658233643,1.178467035293579,1.172525405883789,1.1731581687927246
2026-05-11,1.176885962486267,1.1789672374725342,1.174936294555664,1.176885962486267
2026-05-12,1.1775649785995483,1.1778563261032104,1.1723054647445679,1.177994966506958
2026-05-13,1.173626184463501,1.1742602586746216,1.1696317195892334,1.1735436916351318
2026-05-14,1.171783447265625,1.1721543073654175,1.1672425270080566,1.1716049909591675
2026-05-15,1.1662487983703613,1.1664528846740723,1.1618314981460571,1.166208028793335
2026-05-18,1.1617100238800049,1.1659088134765625,1.1609008312225342,1.161440134048462
2026-05-19,1.1654061079025269,1.1655012369155884,1.1593127250671387,1.1655147075653076
2026-05-20,1.1605371236801147,1.1644154787063599,1.1583592891693115,1.1607122421264648
2026-05-21,1.1625068187713623,1.1637378931045532,1.1577290296554565,1.1625338792800903
2026-05-22,1.1615750789642334,1.1618449687957764,1.1589365005493164,1.1621150970458984
2026-05-25,1.1640766859054565,1.1655012369155884,1.1630340814590454,1.164225697517395
2026-05-26,1.1636160612106323,1.164686679840088,1.161737084388733,1.1637378931045532
2026-05-27,1.1638598442077637,1.1660856008529663,1.1623852252960205,1.1636837720870972
2026-05-28,1.1617640256881714,1.1657729148864746,1.1587486267089844,1.1617909669876099
2026-05-29,1.165338158607483,1.1685519218444824,1.1625880002975464,1.1652837991714478
2026-06-01,1.164808750152588,1.1667250394821167,1.1607391834259033,1.164890170097351
2026-06-02,1.1635618209838867,1.1655012369155884,1.162912368774414,1.1635483503341675
2026-06-03,1.1621556282043457,1.163602590560913,1.1595412492752075,1.1622096300125122
2026-06-04,1.1609278917312622,1.164686679840088,1.1599044799804688,1.160941243171692
2026-06-05,1.161440134048462,1.1645511388778687,1.1531099081039429,1.1612648963928223
2026-06-08,1.1524720191955566,1.155428171157837,1.1500862836837769,1.1522595882415771
2026-06-09,1.152790904045105,1.1578094959259033,1.152790904045105,1.1528440713882446
2026-06-10,1.1535356044769287,1.1574074029922485,1.15340256690979,1.1535356044769287
2026-06-11,1.1538017988204956,1.1558021306991577,1.151450276374817,1.1535621881484985
2026-06-12,1.1573537588119507,1.159151554107666,1.1558021306991577,1.157594919204712
2026-06-15,1.160644769668579,1.16225004196167,1.1594606637954712,1.1603081226348877
2026-06-16,1.1592857837677002,1.1618449687957764,1.1575413942337036,1.1594202518463135
2026-06-17,1.1609278917312622,1.1618449687957764,1.1586545705795288,1.1609952449798584
2026-06-18,1.151145339012146,1.1530035734176636,1.1454228162765503,1.150734782218933
2026-06-19,1.1463946104049683,1.1475785970687866,1.1418262720108032,1.1458560228347778
2026-06-22,1.1463682651519775,1.147315263748169,1.1426090002059937,1.1462763547897339
2026-06-23,1.1425306797027588,1.1439030170440674,1.137669324874878,1.1427135467529297
2026-06-24,1.1379282474517822,1.1384334564208984,1.132541298866272,1.1379542350769043
2026-06-25,1.135344386100769,1.1388354301452637,1.1334270238876343,1.1354217529296875
2026-06-26,1.1363893747329712,1.1433929204940796,1.135486125946045,1.1361699104309082
2026-06-29,1.1384464502334595,1.1425960063934326,1.1381744146347046,1.1385631561279297
2026-06-30,1.1418914794921875,1.1434452533721924,1.1383298635482788,1.1422044038772583
2026-07-01,1.141252875328064,1.1416828632354736,1.1362087726593018,1.1413310766220093
2026-07-02,1.1377859115600586,1.1471705436706543,1.1375399827957153,1.13779878616333
2026-07-03,1.142374038696289,1.1465259790420532,1.1421130895614624,1.1422696113586426
2026-07-06,1.1435890197753906,1.144426703453064,1.1409794092178345,1.1437721252441406
2026-07-07,1.1442302465438843,1.1447148323059082,1.1422958374023438,1.144177794456482
2026-07-08,1.1400948762893677,1.1432491540908813,1.1391856670379639,1.140380859375
2026-07-09,1.1421914100646973,1.145081877708435,1.142126202583313,1.1422044038772583
2026-07-10,1.143379807472229,1.1462632417678833,1.1418392658233643,1.1433405876159668
2026-07-13,1.140367865562439,1.1445707082748413,1.1386798620224,1.1404459476470947
2026-07-14,1.1383687257766724,1.1461317539215088,1.1378765106201172,1.1384334564208984
2026-07-15,1.1425436735153198,1.1445575952529907,1.1406540870666504,1.1424654722213745
2026-07-16,1.147315263748169,1.1478420495986938,1.143837571144104,1.1470258235931396
2026-07-17,1.144688606262207,1.1453442573547363,1.1425436735153198,1.1444659233093262
2026-07-20,1.1427135467529297,1.1449507474899292,1.1405240297317505,1.142765760421753
2026-07-21,1.1416046619415283,1.1428571939468384,1.1403288841247559,1.1418131589889526
2026-07-22,1.1401728391647339,1.1421130895614624,1.1399649381637573,1.140380859375
2026-07-23,1.141265869140625,1.1437721252441406,1.1365057229995728,1.1411746740341187
2026-07-24,1.137617588043213,1.1399909257888794,1.1367511749267578,1.137682318687439
2026-07-27,1.1397830247879028,1.1418131589889526,1.1369967460632324,1.1394972801208496
2026-07-28,1.1368545293807983,1.140185832977295,1.1354475021362305,1.1369450092315674
2026-07-29,1.1383816003799438,1.1405109167099,1.1375917196273804,1.1386538743972778
2026-07-30,1.1467890739440918,1.1534823179244995,1.1435366868972778,1.1467232704162598
2026-07-31,1.1526048183441162,1.1526048183441162,1.1459085941314697,1.1523525714874268
2026-08-03,1.1540014743804932,1.1555217504501343,1.1502846479415894,1.154401183128357
2026-08-04,1.150814175605774,1.1531364917755127,1.15035080909729,1.150734782218933
2026-08-05,1.1532163619995117,1.1559356451034546,1.152751088142395,1.153242826461792
2026-08-06,1.155575156211853,1.156203031539917,1.1520073413848877,1.1557353734970093
2026-08-07,1.152325987815857,1.1579434871673584,1.1518480777740479,1.1524720191955566
2026-08-10,1.155575156211853,1.1566041707992554,1.1544544696807861,1.155641794204712
2026-08-11,1.1546677350997925,1.1552680730819702,1.153203010559082,1.1546411514282227
2026-08-12,1.1543478965759277,1.156243085861206,1.1532695293426514,1.1543744802474976
2026-08-13,1.1528840065002441,1.1547343730926514,1.1512778997421265,1.1530035734176636
2026-08-14,1.1534159183502197,1.1586142778396606,1.1532561779022217,1.1535356044769287
2026-08-17,1.1575547456741333,1.1613997220993042,1.1575547456741333,1.1573940515518188
2026-08-18,1.1584800481796265,1.1588828563690186,1.1567245721817017,1.1582788228988647
2026-08-19,1.157688856124878,1.1678149700164795,1.1572332382202148,1.1579434871673584
2026-08-20,1.1675423383712769,1.1710972785949707,1.1670244932174683,1.1673787832260132
2026-08-21,1.1687567234039307,1.1712344884872437,1.1669973134994507,1.1687841415405273
2026-08-24,1.1684973239898682,1.1691803932189941,1.1660856008529663,1.1681560277938843
2026-08-25,1.1668474674224854,1.1675423383712769,1.165175199508667,1.1668338775634766
2026-08-26,1.1674741506576538,1.1678149700164795,1.1642663478851318,1.1674741506576538
2026-08-27,1.1655282974243164,1.1661807298660278,1.1636972427368164,1.1654876470565796
2026-08-28,1.165338158607483,1.1656370162963867,1.1595547199249268,1.1656370162963867
2026-08-31,1.1589902639389038,1.16225004196167,1.1585336923599243,1.1588962078094482
2026-09-01,1.1621150970458984,1.1627906560897827,1.159151554107666,1.1595547199249268
