date,open,high,low,close
2021-08-25,109.74199676513672,110.0999984741211,109.68499755859375,109.7300033569336
2021-08-26,109.99700164794922,110.22200012207031,109.9260025024414,109.97599792480469
2021-08-27,110.03800201416016,110.25700378417969,109.83599853515625,110.0479965209961
2021-08-30,109.84100341796875,109.95600128173828,109.70600128173828,109.86499786376953
2021-08-31,109.93900299072266,110.06700134277344,109.60299682617188,109.94400024414062
2021-09-01,110.06199645996094,110.41000366210938,109.88300323486328,110.05599975585938
2021-09-02,110.10600280761719,110.10600280761719,109.9280014038086,110.09600067138672
2021-09-03,109.94499969482422,110.06600189208984,109.60399627685547,109.94499969482422
2021-09-06,109.77799987792969,109.93099975585938,109.7490005493164,109.76399993896484
2021-09-07,109.81900024414062,110.2509994506836,109.68699645996094,109.81999969482422
2021-09-08,110.28900146484375,110.44000244140625,110.13999938964844,110.2959976196289
2021-09-09,110.22000122070312,110.26799774169922,109.75299835205078,110.21800231933594
2021-09-10,109.77400207519531,109.98400115966797,109.70099639892578,109.78099822998047
2021-09-13,109.90899658203125,110.15599822998047,109.89900207519531,109.91500091552734
2021-09-14,109.99099731445312,110.14399719238281,109.61900329589844,109.99400329589844
2021-09-15,109.71199798583984,109.71700286865234,109.11399841308594,109.71900177001953
2021-09-16,109.39099884033203,109.8239974975586,109.21499633789062,109.38300323486328
2021-09-17,109.68599700927734,110.0719985961914,109.66799926757812,109.6989974975586
2021-09-20,109.9800033569336,110.03299713134766,109.43000030517578,109.97100067138672
2021-09-21,109.43399810791016,109.69499969482422,109.19000244140625,109.43699645996094
2021-09-22,109.15399932861328,109.63999938964844,109.12999725341797,109.14900207519531
2021-09-23,109.80899810791016,110.19499969482422,109.79199981689453,109.8219985961914
2021-09-24,110.322998046875,110.73899841308594,110.31099700927734,110.32599639892578
2021-09-27,110.75,111.05500030517578,110.53399658203125,110.76399993896484
2021-09-28,110.96199798583984,111.62899780273438,110.93699645996094,110.96399688720703
2021-09-29,111.51300048828125,111.91699981689453,111.21900177001953,111.52799987792969
2021-09-30,111.9219970703125,112.06800079345703,111.41400146484375,111.93599700927734
2021-10-01,111.46399688720703,111.4800033569336,110.91200256347656,111.46099853515625
2021-10-04,110.96299743652344,111.2979965209961,110.84200286865234,110.9469985961914
2021-10-05,110.96900177001953,111.5530014038086,110.8759994506836,110.96800231933594
2021-10-06,111.5199966430664,111.77300262451172,111.20500183105469,111.48699951171875
2021-10-07,111.40699768066406,111.5459976196289,111.24299621582031,111.41300201416016
2021-10-08,111.6729965209961,112.177001953125,111.52200317382812,111.66200256347656
2021-10-11,112.27200317382812,113.38400268554688,112.18299865722656,112.2699966430664
2021-10-12,113.41100311279297,113.7770004272461,113.01699829101562,113.38800048828125
2021-10-13,113.53600311279297,113.78800201416016,113.24800109863281,113.51899719238281
2021-10-14,113.2959976196289,113.70700073242188,113.27799987792969,113.3010025024414
2021-10-15,113.83599853515625,114.4469985961914,113.81600189208984,113.83399963378906
2021-10-18,114.30899810791016,114.43599700927734,114.0199966430664,114.3239974975586
2021-10-19,114.29100036621094,114.34600067138672,113.88300323486328,114.28500366210938
2021-10-20,114.5270004272461,114.68499755859375,114.14099884033203,114.54299926757812
2021-10-21,114.38300323486328,114.38999938964844,113.6719970703125,114.38899993896484
2021-10-22,113.8479995727539,114.18499755859375,113.51499938964844,113.8499984741211
2021-10-25,113.63800048828125,113.89600372314453,113.48999786376953,113.66400146484375
2021-10-26,113.75599670410156,114.2979965209961,113.7249984741211,113.76499938964844
2021-10-27,114.1780014038086,114.21499633789062,113.41699981689453,114.18800354003906
2021-10-28,113.77100372314453,113.85600280761719,113.25499725341797,113.7760009765625
2021-10-29,113.64399719238281,114.08599853515625,113.3949966430664,113.61599731445312
2021-11-01,114.21800231933594,114.43399810791016,114.02999877929688,114.23600006103516
2021-11-02,114.08399963378906,114.13400268554688,113.46600341796875,114.09400177001953
2021-11-03,113.96700286865234,114.14199829101562,113.72200012207031,113.96199798583984
2021-11-04,114.06600189208984,114.27300262451172,113.5270004272461,114.06999969482422
2021-11-05,113.82499694824219,114.0,113.4280014038086,113.83699798583984
2021-11-08,113.46299743652344,113.66200256347656,113.08200073242188,113.4749984741211
2021-11-09,113.24299621582031,113.25299835205078,112.73100280761719,113.25399780273438
2021-11-10,112.91300201416016,113.93599700927734,112.77400207519531,112.91200256347656
2021-11-11,113.92900085449219,114.12699890136719,113.81400299072266,113.90499877929688
2021-11-12,114.0479965209961,114.2979965209961,113.77100372314453,114.04299926757812
2021-11-15,113.99099731445312,114.04100036621094,113.76000213623047,113.98100280761719
2021-11-16,114.13099670410156,114.63099670410156,114.11000061035156,114.13200378417969
2021-11-17,114.91600036621094,114.94200134277344,114.33000183105469,114.90399932861328
2021-11-18,114.20999908447266,114.4749984741211,113.88400268554688,114.19000244140625
2021-11-19,114.31999969482422,114.52100372314453,113.60399627685547,114.28199768066406
2021-11-22,114.13899993896484,114.80699920654297,114.01899719238281,114.13800048828125
2021-11-23,114.802001953125,115.14600372314453,114.55000305175781,114.79000091552734
2021-11-24,115.15699768066406,115.47599792480469,114.8290023803711,115.14099884033203
2021-11-25,115.41400146484375,115.43599700927734,115.23600006103516,115.40799713134766
2021-11-26,115.10199737548828,115.10199737548828,113.05599975585938,115.06900024414062
2021-11-29,113.70500183105469,113.93399810791016,113.03500366210938,113.71900177001953
2021-11-30,113.80699920654297,113.88500213623047,112.54299926757812,113.80400085449219
2021-12-01,113.26300048828125,113.61299896240234,112.77400207519531,113.29900360107422
2021-12-02,112.86299896240234,113.30899810791016,112.71399688720703,112.88200378417969
2021-12-03,113.0260009765625,113.60600280761719,112.86000061035156,113.02200317382812
2021-12-06,113.01100158691406,113.48200225830078,112.85600280761719,113.04199981689453
2021-12-07,113.48600006103516,113.77300262451172,113.41000366210938,113.45800018310547
2021-12-08,113.51599884033203,113.93000030517578,113.3239974975586,113.5250015258789
2021-12-09,113.71399688720703,113.80599975585938,113.28399658203125,113.68399810791016
2021-12-10,113.43800354003906,113.78600311279297,113.23699951171875,113.447998046875
2021-12-13,113.51000213623047,113.72100067138672,113.38600158691406,113.5009994506836
2021-12-14,113.5739974975586,113.7490005493164,113.43900299072266,113.5770034790039
2021-12-15,113.73899841308594,113.89700317382812,113.63099670410156,113.74299621582031
2021-12-16,114.15599822998047,114.24500274658203,113.56400299072266,114.13600158691406
2021-12-17,113.68000030517578,113.84500122070312,113.1510009765625,113.66300201416016
2021-12-20,113.5510025024414,113.68499755859375,113.33100128173828,113.51799774169922
2021-12-21,113.65899658203125,114.16300201416016,113.56700134277344,113.66200256347656
2021-12-22,114.01499938964844,114.36199951171875,114.0009994506836,113.99400329589844
2021-12-23,114.1240005493164,114.44100189208984,114.10700225830078,114.12100219726562
2021-12-24,114.45700073242188,114.50499725341797,114.29900360107422,114.45800018310547
2021-12-27,114.33799743652344,114.9010009765625,114.31900024414062,114.33300018310547
2021-12-28,114.78800201416016,114.93399810791016,114.70899963378906,114.79199981689453
2021-12-29,114.76699829101562,115.03199768066406,114.6729965209961,114.77300262451172
2021-12-30,114.95700073242188,115.19999694824219,114.9469985961914,114.947998046875
2021-12-31,115.05899810791016,115.19200134277344,115.00499725341797,115.06300354003906
2022-01-03,115.13600158691406,115.36000061035156,114.9739990234375,115.14199829101562
2022-01-04,115.31600189208984,116.33999633789062,115.29900360107422,115.3280029296875
2022-01-05,116.16500091552734,116.23500061035156,115.62699890136719,116.17400360107422
2022-01-06,116.12899780273438,116.17900085449219,115.65399932861328,116.12799835205078
2022-01-07,115.87000274658203,116.02999877929688,115.59100341796875,115.86499786376953
2022-01-10,115.62200164794922,115.84200286865234,115.04499816894531,115.61799621582031
2022-01-11,115.28299713134766,115.6760025024414,115.13700103759766,115.27799987792969
2022-01-12,115.33100128173828,115.45899963378906,114.71499633789062,115.33100128173828
2022-01-13,114.66999816894531,114.69200134277344,114.00599670410156,114.67500305175781
2022-01-14,114.10099792480469,114.1709976196289,113.50499725341797,114.11799621582031
2022-01-17,114.30599975585938,114.63600158691406,114.28399658203125,114.30599975585938
2022-01-18,114.57099914550781,115.03099822998047,114.44999694824219,114.57099914550781
2022-01-19,114.55599975585938,114.76799774169922,114.22100067138672,114.55400085449219
2022-01-20,114.34700012207031,114.53099822998047,113.97799682617188,114.34700012207031
2022-01-21,113.94599914550781,114.01799774169922,113.61900329589844,113.99299621582031
2022-01-24,113.78600311279297,113.98999786376953,113.48899841308594,113.78500366210938
2022-01-25,114.01499938964844,114.14399719238281,113.67500305175781,114.01100158691406
2022-01-26,113.89099884033203,114.37699890136719,113.78800201416016,113.875
2022-01-27,114.71700286865234,115.48100280761719,114.48600006103516,114.72100067138672
2022-01-28,115.36799621582031,115.66999816894531,115.13700103759766,115.35199737548828
2022-01-31,115.23899841308594,115.5770034790039,115.1760025024414,115.26200103759766
2022-02-01,115.14399719238281,115.19200134277344,114.56800079345703,115.12100219726562
2022-02-02,114.7249984741211,114.7959976196289,114.19300079345703,114.73600006103516
2022-02-03,114.36799621582031,114.96900177001953,114.32599639892578,114.38200378417969
2022-02-04,114.96900177001953,115.4260025024414,114.78099822998047,114.95700073242188
2022-02-07,115.24600219726562,115.37300109863281,114.91899871826172,115.2239990234375
2022-02-08,115.06600189208984,115.61799621582031,115.06600189208984,115.06300354003906
2022-02-09,115.54199981689453,115.58300018310547,115.31900024414062,115.53099822998047
2022-02-10,115.5999984741211,116.3239974975586,115.48500061035156,115.60199737548828
2022-02-11,116.04900360107422,116.16600036621094,115.7760009765625,116.0469970703125
2022-02-14,115.55899810791016,115.7239990234375,115.0199966430664,115.58399963378906
2022-02-15,115.54199981689453,115.86900329589844,115.25599670410156,115.53600311279297
2022-02-16,115.63999938964844,115.77400207519531,115.39099884033203,115.63500213623047
2022-02-17,115.39399719238281,115.52799987792969,114.86100006103516,115.38700103759766
2022-02-18,114.85600280761719,115.26399993896484,114.78700256347656,114.86599731445312
2022-02-21,114.95600128173828,115.10600280761719,114.79900360107422,114.96099853515625
2022-02-22,114.58300018310547,115.23200225830078,114.5260009765625,114.60900115966797
2022-02-23,115.10199737548828,115.18499755859375,114.96700286865234,115.09600067138672
2022-02-24,114.91600036621094,115.6259994506836,114.41400146484375,114.89800262451172
2022-02-25,115.5469970703125,115.63099670410156,115.1520004272461,115.57099914550781
2022-02-28,115.58799743652344,115.64700317382812,115.09300231933594,115.58499908447266
2022-03-01,115.08200073242188,115.26499938964844,114.71900177001953,115.0780029296875
2022-03-02,114.81500244140625,115.68000030517578,114.79499816894531,114.83300018310547
2022-03-03,115.49700164794922,115.80000305175781,115.49500274658203,115.51899719238281
2022-03-04,115.4800033569336,115.53299713134766,114.6510009765625,115.4739990234375
2022-03-07,114.93699645996094,115.47100067138672,114.84200286865234,114.94999694824219
2022-03-08,115.36900329589844,115.7760009765625,115.33200073242188,115.37300109863281
2022-03-09,115.74199676513672,115.94100189208984,115.5790023803711,115.72200012207031
2022-03-10,115.91100311279297,116.19000244140625,115.81999969482422,115.90899658203125
2022-03-11,116.15899658203125,117.16400146484375,116.1500015258789,116.17900085449219
2022-03-14,117.50399780273438,118.05899810791016,117.46700286865234,117.52899932861328
2022-03-15,118.21800231933594,118.43399810791016,117.74500274658203,118.21800231933594
2022-03-16,118.31199645996094,118.5009994506836,118.1719970703125,118.29199981689453
2022-03-17,118.89099884033203,118.99800109863281,118.4219970703125,118.87000274658203
2022-03-18,118.48500061035156,119.38899993896484,118.48500061035156,118.48600006103516
2022-03-21,119.26100158691406,119.29299926757812,119.0999984741211,119.26300048828125
2022-03-22,119.59400177001953,120.97599792480469,119.59400177001953,119.59400177001953
2022-03-23,121.26499938964844,121.29900360107422,120.62799835205078,121.33999633789062
2022-03-24,121.13800048828125,122.10299682617188,120.9800033569336,121.12699890136719
2022-03-25,122.3499984741211,122.3499984741211,121.21700286865234,122.34600067138672
2022-03-28,122.2699966430664,125.05500030517578,122.15899658203125,122.2699966430664
2022-03-29,123.66000366210938,124.20899963378906,122.05799865722656,123.66000366210938
2022-03-30,123.125,123.02300262451172,121.31600189208984,123.125
2022-03-31,122.02100372314453,122.41600036621094,121.29100036621094,122.02100372314453
2022-04-01,121.75599670410156,122.99700164794922,121.74299621582031,121.75599670410156
2022-04-04,122.61000061035156,122.9280014038086,122.28800201416016,122.61000061035156
2022-04-05,122.80899810791016,123.4990005493164,122.41999816894531,122.80899810791016
2022-04-06,123.65599822998047,124.04399871826172,123.58799743652344,123.65599822998047
2022-04-07,123.7229995727539,123.99500274658203,123.50800323486328,123.7229995727539
2022-04-08,124.09600067138672,124.6500015258789,123.68299865722656,124.09600067138672
2022-04-11,124.38500213623047,125.76100158691406,124.302001953125,124.38500213623047
2022-04-12,125.47200012207031,125.74299621582031,124.87300109863281,125.47200012207031
2022-04-13,125.41600036621094,126.2969970703125,125.37100219726562,125.41600036621094
2022-04-14,125.37699890136719,125.98799896240234,125.13099670410156,125.37699890136719
2022-04-15,126.17900085449219,126.6709976196289,126.06900024414062,126.17900085449219
2022-04-18,126.61799621582031,126.79000091552734,126.26300048828125,126.61799621582031
2022-04-19,127.0979995727539,128.86099243164062,127.03900146484375,127.0979995727539
2022-04-20,129.33299255371094,129.37399291992188,127.51100158691406,129.33299255371094
2022-04-21,128.01300048828125,128.6959991455078,127.8270034790039,128.01300048828125
2022-04-22,128.4080047607422,129.0590057373047,127.80699920654297,128.4080047607422
2022-04-25,128.60499572753906,128.82200622558594,127.5250015258789,128.60499572753906
2022-04-26,127.74400329589844,128.18800354003906,127.04399871826172,127.74400329589844
2022-04-27,127.26599884033203,128.5780029296875,127.25900268554688,127.26599884033203
2022-04-28,128.3939971923828,131.2209930419922,128.3679962158203,128.3939971923828
2022-04-29,130.81100463867188,130.80999755859375,129.4600067138672,130.81100463867188
2022-05-02,130.01100158691406,130.4709930419922,129.61599731445312,130.01100158691406
2022-05-03,130.11199951171875,130.27999877929688,129.718994140625,130.11199951171875
2022-05-04,130.11599731445312,130.197998046875,129.80299377441406,130.11599731445312
2022-05-05,129.22300720214844,130.4320068359375,128.77499389648438,129.22300720214844
2022-05-06,130.3300018310547,130.80499267578125,130.2209930419922,130.3300018310547
2022-05-09,130.74899291992188,131.3249969482422,130.14999389648438,130.74899291992188
2022-05-10,130.3769989013672,130.5279998779297,129.81500244140625,130.3769989013672
2022-05-11,130.3509979248047,130.7830047607422,129.61199951171875,130.3509979248047
2022-05-12,129.8350067138672,129.8979949951172,127.58499908447266,129.8350067138672
2022-05-13,128.58799743652344,129.43699645996094,128.36599731445312,128.58799743652344
2022-05-16,129.4320068359375,129.60400390625,128.70599365234375,129.4320068359375
2022-05-17,128.92300415039062,129.75,128.83999633789062,128.92300415039062
2022-05-18,129.45399475097656,129.43299865722656,128.1199951171875,129.45399475097656
2022-05-19,127.91400146484375,128.93800354003906,127.02899932861328,127.91400146484375
2022-05-20,127.83200073242188,128.28399658203125,127.53700256347656,127.83200073242188
2022-05-23,127.90299987792969,127.93299865722656,127.16699981689453,127.90299987792969
2022-05-24,127.84600067138672,128.0500030517578,126.39199829101562,127.84600067138672
2022-05-25,126.76899719238281,127.41500091552734,126.67500305175781,126.76899719238281
2022-05-26,127.1520004272461,127.55999755859375,126.56900024414062,127.1520004272461
2022-05-27,127.04499816894531,127.21099853515625,126.677001953125,127.04499816894531
2022-05-30,127.28500366210938,127.80599975585938,126.87000274658203,127.28500366210938
2022-05-31,127.78399658203125,128.8780059814453,127.65299987792969,127.78399658203125
2022-06-01,128.73599243164062,130.11599731445312,128.8000030517578,128.73599243164062
2022-06-02,130.1219940185547,130.18099975585938,129.52699279785156,130.1219940185547
2022-06-03,129.91799926757812,130.9709930419922,129.69500732421875,129.91799926757812
2022-06-06,130.70700073242188,131.67599487304688,130.47300720214844,130.70700073242188
2022-06-07,132.17599487304688,132.98800659179688,132.0970001220703,132.17599487304688
2022-06-08,132.8470001220703,134.43600463867188,132.73300170898438,132.8470001220703
2022-06-09,134.42999267578125,134.5540008544922,133.1909942626953,134.42999267578125
2022-06-10,134.41799926757812,134.38099670410156,133.38699340820312,134.41799926757812
2022-06-13,134.81399536132812,135.1580047607422,133.60899353027344,134.81399536132812
2022-06-14,134.22500610351562,134.96800231933594,133.89999389648438,134.22500610351562
2022-06-15,135.29400634765625,135.28500366210938,134.2969970703125,135.29400634765625
2022-06-16,134.11500549316406,134.6719970703125,131.5469970703125,134.11500549316406
2022-06-17,132.42100524902344,135.41200256347656,132.18699645996094,132.42100524902344
2022-06-20,135.2760009765625,135.41200256347656,134.5489959716797,135.2760009765625
2022-06-21,135.08700561523438,136.32899475097656,134.94500732421875,135.08700561523438
2022-06-22,136.2689971923828,136.59500122070312,135.75100708007812,136.2689971923828
2022-06-23,136.0240020751953,136.18099975585938,134.29400634765625,136.0240020751953
2022-06-24,134.83999633789062,135.27200317382812,134.3699951171875,134.83999633789062
2022-06-27,135.06199645996094,135.53900146484375,134.53500366210938,135.06199645996094
2022-06-28,135.43499755859375,136.30299377441406,135.12399291992188,135.43499755859375
2022-06-29,136.0469970703125,136.9969940185547,135.81100463867188,136.0469970703125
2022-06-30,136.58900451660156,136.7989959716797,135.68699645996094,136.58900451660156
2022-07-01,135.78599548339844,135.9770050048828,134.79600524902344,135.78599548339844
2022-07-04,135.04299926757812,135.77099609375,134.79800415039062,135.04299926757812
2022-07-05,135.83999633789062,136.34500122070312,135.55499267578125,135.83999633789062
2022-07-06,135.52099609375,135.96200561523438,134.97500610351562,135.52099609375
2022-07-07,135.96600341796875,136.20399475097656,135.57000732421875,135.96600341796875
2022-07-08,135.91299438476562,136.54400634765625,135.35699462890625,135.91299438476562
2022-07-11,136.30099487304688,137.7449951171875,136.27000427246094,136.30099487304688
2022-07-12,137.38800048828125,137.5019989013672,136.49600219726562,137.38800048828125
2022-07-13,136.7259979248047,137.85800170898438,136.7310028076172,136.7259979248047
2022-07-14,137.6280059814453,139.3769989013672,137.60499572753906,137.6280059814453
2022-07-15,138.9669952392578,139.07400512695312,138.4040069580078,138.9669952392578
2022-07-18,138.31399536132812,138.43699645996094,137.89599609375,138.31399536132812
2022-07-19,138.22900390625,138.38699340820312,137.38600158691406,138.22900390625
2022-07-20,138.1909942626953,138.36500549316406,137.91400146484375,138.1909942626953
2022-07-21,138.39500427246094,138.86700439453125,137.7220001220703,138.39500427246094
2022-07-22,137.09800720214844,137.93899536132812,135.5959930419922,137.09800720214844
2022-07-25,136.31199645996094,136.7830047607422,135.93600463867188,136.31199645996094
2022-07-26,136.43099975585938,136.83399963378906,136.29200744628906,136.43099975585938
2022-07-27,136.97000122070312,137.34300231933594,136.55099487304688,136.97000122070312
2022-07-28,136.11099243164062,136.41099548339844,134.35499572753906,136.11099243164062
2022-07-29,134.39700317382812,134.64999389648438,132.552001953125,134.39700317382812
2022-08-01,133.40699768066406,133.36500549316406,131.6219940185547,133.40699768066406
2022-08-02,131.57200622558594,132.36599731445312,130.42999267578125,131.57200622558594
2022-08-03,133.37899780273438,134.52999877929688,132.34100341796875,133.37899780273438
2022-08-04,133.96200561523438,134.38800048828125,133.07000732421875,133.96200561523438
2022-08-05,132.62100219726562,135.45599365234375,132.58999633789062,132.62100219726562
2022-08-08,135.0570068359375,135.51800537109375,134.3820037841797,135.0570068359375
2022-08-09,134.83999633789062,135.1699981689453,134.68600463867188,134.83999633789062
2022-08-10,135.18699645996094,135.2949981689453,132.06300354003906,135.18699645996094
2022-08-11,132.8300018310547,133.30499267578125,131.78599548339844,132.8300018310547
2022-08-12,132.99400329589844,133.86900329589844,132.9199981689453,132.99400329589844
2022-08-15,133.28799438476562,133.53599548339844,132.58399963378906,133.28799438476562
2022-08-16,133.14300537109375,134.6540069580078,132.9739990234375,133.14300537109375
2022-08-17,134.27699279785156,135.48899841308594,133.92300415039062,134.27699279785156
2022-08-18,134.94400024414062,135.40699768066406,134.6540069580078,134.94400024414062
2022-08-19,135.7949981689453,137.1999969482422,135.83399963378906,135.7949981689453
2022-08-22,137.04100036621094,137.64700317382812,136.73699951171875,137.04100036621094
2022-08-23,137.54600524902344,137.6929931640625,135.8820037841797,137.54600524902344
2022-08-24,136.73300170898438,137.22500610351562,136.1929931640625,136.73300170898438
2022-08-25,137.08099365234375,137.17999267578125,136.3260040283203,137.08099365234375
2022-08-26,136.56300354003906,137.43299865722656,136.36000061035156,136.56300354003906
2022-08-29,137.6300048828125,138.9949951171875,138.09800720214844,137.52000427246094
2022-08-30,138.5959930419922,139.05599975585938,138.05299377441406,138.5959930419922
2022-08-31,138.73399353027344,138.87600708007812,138.2760009765625,138.73399353027344
2022-09-01,139.29600524902344,140.21800231933594,139.08599853515625,139.29600524902344
2022-09-02,140.08099365234375,140.7949981689453,139.8780059814453,140.08099365234375
2022-09-05,140.48699951171875,140.64700317382812,140.12899780273438,140.48699951171875
2022-09-06,140.42999267578125,142.96800231933594,140.2519989013672,140.42999267578125
2022-09-07,143.1510009765625,144.98199462890625,142.97999572753906,143.1510009765625
2022-09-08,144.1280059814453,144.50399780273438,143.33799743652344,144.1280059814453
2022-09-09,143.8560028076172,143.94700622558594,141.50599670410156,143.8560028076172
2022-09-12,142.5959930419922,143.48599243164062,142.2570037841797,142.5959930419922
2022-09-13,142.5850067138672,144.677001953125,141.89599609375,142.5850067138672
2022-09-14,144.4040069580078,144.8260040283203,142.5570068359375,144.4040069580078
2022-09-15,142.92300415039062,143.79400634765625,142.9499969482422,142.92300415039062
2022-09-16,143.36500549316406,143.6719970703125,142.87100219726562,143.36500549316406
2022-09-19,142.76499938964844,143.63400268554688,142.6959991455078,142.76499938964844
2022-09-20,143.22300720214844,143.9010009765625,142.96200561523438,143.22300720214844
2022-09-21,143.6020050048828,144.18699645996094,143.3780059814453,143.6020050048828
2022-09-22,144.3159942626953,145.88299560546875,140.39700317382812,144.3159942626953
2022-09-23,142.27999877929688,143.31700134277344,141.78199768066406,142.27999877929688
2022-09-26,143.51100158691406,144.48599243164062,143.43800354003906,143.51100158691406
2022-09-27,144.45899963378906,144.83999633789062,144.08200073242188,144.45899963378906
2022-09-28,144.6909942626953,144.8179931640625,144.1479949951172,144.6909942626953
2022-09-29,144.3979949951172,144.78500366210938,144.2100067138672,144.3979949951172
2022-09-30,144.43099975585938,144.77999877929688,144.21400451660156,144.43099975585938
2022-10-03,144.8159942626953,145.2779998779297,144.16099548339844,144.8159942626953
2022-10-04,144.5189971923828,144.92100524902344,144.31900024414062,144.5189971923828
2022-10-05,143.78700256347656,144.843994140625,143.55599975585938,143.78700256347656
2022-10-06,144.44900512695312,145.13299560546875,144.38699340820312,144.44900512695312
2022-10-07,145.03900146484375,145.3260040283203,144.75999450683594,145.03900146484375
2022-10-10,145.48199462890625,145.8179931640625,145.23599243164062,145.48199462890625
2022-10-11,145.6739959716797,145.8459930419922,145.5050048828125,145.6739959716797
2022-10-12,145.8699951171875,146.96099853515625,145.87899780273438,145.8699951171875
2022-10-13,146.73699951171875,147.6009979248047,146.66299438476562,146.73699951171875
2022-10-14,147.29299926757812,148.49200439453125,147.11000061035156,147.29299926757812
2022-10-17,148.6320037841797,148.88999938964844,148.43099975585938,148.6320037841797
2022-10-18,148.9709930419922,149.28500366210938,148.6929931640625,148.9709930419922
2022-10-19,149.20899963378906,149.781005859375,149.12399291992188,149.20899963378906
2022-10-20,149.8209991455078,149.98899841308594,149.56700134277344,149.8209991455078
2022-10-21,150.17599487304688,151.93699645996094,146.32000732421875,150.17599487304688
2022-10-24,147.81900024414062,149.45199584960938,147.8090057373047,147.81900024414062
2022-10-25,148.88699340820312,148.99600219726562,147.55499267578125,148.88699340820312
2022-10-26,147.97999572753906,148.4029998779297,146.40899658203125,147.97999572753906
2022-10-27,146.13400268554688,146.86099243164062,145.156005859375,146.13400268554688
2022-10-28,146.2740020751953,147.84800720214844,146.0279998779297,146.2740020751953
2022-10-31,147.81199645996094,148.8419952392578,147.75,147.81199645996094
2022-11-01,148.73699951171875,148.8070068359375,146.99099731445312,148.73699951171875
2022-11-02,147.9149932861328,147.96499633789062,146.8520050048828,147.9149932861328
2022-11-03,147.89199829101562,148.4340057373047,147.11000061035156,147.89199829101562
2022-11-04,148.39300537109375,148.39300537109375,146.57899475097656,148.39300537109375
2022-11-07,146.84100341796875,147.55299377441406,146.11399841308594,146.84100341796875
2022-11-08,146.62399291992188,146.927001953125,145.31300354003906,146.62399291992188
2022-11-09,145.2949981689453,146.55799865722656,145.218994140625,145.2949981689453
2022-11-10,146.20899963378906,146.58200073242188,141.53799438476562,146.20899963378906
2022-11-11,141.73399353027344,142.46600341796875,138.88800048828125,141.73399353027344
2022-11-14,139.55299377441406,140.7689971923828,138.86900329589844,139.55299377441406
2022-11-15,140.11500549316406,140.58099365234375,137.8090057373047,140.11500549316406
2022-11-16,138.96499633789062,140.28500366210938,138.8939971923828,138.96499633789062
2022-11-17,139.32200622558594,140.71400451660156,138.906005859375,139.32200622558594
2022-11-18,140.41200256347656,140.47000122070312,139.64999389648438,140.41200256347656
2022-11-21,140.2530059814453,142.01800537109375,140.2030029296875,140.2530059814453
2022-11-22,142.09800720214844,142.23899841308594,141.08599853515625,142.09800720214844
2022-11-23,141.15499877929688,141.57400512695312,139.58700561523438,141.15499877929688
2022-11-24,139.2779998779297,139.48599243164062,138.09500122070312,139.2779998779297
2022-11-25,138.60299682617188,139.59100341796875,138.38900756835938,138.60299682617188
2022-11-28,139.30999755859375,139.4199981689453,137.51400756835938,139.10000610351562
2022-11-29,138.718994140625,139.3209991455078,137.88600158691406,138.718994140625
2022-11-30,138.7449951171875,139.88299560546875,138.33799743652344,138.7449951171875
2022-12-01,137.35899353027344,137.51600646972656,135.53900146484375,137.35899353027344
2022-12-02,135.14999389648438,135.9759979248047,133.67300415039062,135.14999389648438
2022-12-05,134.47500610351562,136.58099365234375,134.13400268554688,134.47500610351562
2022-12-06,136.65199279785156,137.41299438476562,136.00799560546875,136.65199279785156
2022-12-07,136.88600158691406,137.83799743652344,136.41799926757812,136.88600158691406
2022-12-08,136.38099670410156,137.2239990234375,136.29600524902344,136.38099670410156
2022-12-09,136.61399841308594,136.86599731445312,135.61199951171875,136.61399841308594
2022-12-12,136.71200561523438,137.6179962158203,136.63299560546875,136.71200561523438
2022-12-13,137.50399780273438,137.94200134277344,134.68800354003906,137.50399780273438
2022-12-14,135.58399963378906,135.6820068359375,134.68099975585938,135.58399963378906
2022-12-15,135.34800720214844,137.92100524902344,135.2830047607422,135.34800720214844
2022-12-16,137.75100708007812,137.75100708007812,136.41000366210938,137.75100708007812
2022-12-19,136.02999877929688,137.14999389648438,135.7729949951172,136.69000244140625
2022-12-20,136.9949951171875,137.45199584960938,131.01699829101562,136.9949951171875
2022-12-21,131.89199829101562,132.4759979248047,131.52200317382812,131.89199829101562
2022-12-22,132.3699951171875,132.68099975585938,131.65499877929688,132.3699951171875
2022-12-23,132.35699462890625,133.12100219726562,132.29100036621094,132.35699462890625
2022-12-26,132.77000427246094,133.23699951171875,132.3300018310547,132.7899932861328
2022-12-27,132.76400756835938,133.58700561523438,132.6479949951172,132.76400756835938
2022-12-28,133.48599243164062,134.39500427246094,133.41099548339844,133.48599243164062
2022-12-29,134.03399658203125,134.18800354003906,132.93600463867188,134.03399658203125
2022-12-30,132.91600036621094,132.91700744628906,131.54100036621094,132.91600036621094
2023-01-02,130.84500122070312,131.03500366210938,130.62100219726562,130.84500122070312
2023-01-03,130.79400634765625,131.1820068359375,129.53399658203125,130.79400634765625
2023-01-04,131.2480010986328,132.1699981689453,129.96400451660156,131.2480010986328
2023-01-05,132.24600219726562,133.99200439453125,131.72999572753906,132.24600219726562
2023-01-06,133.3070068359375,134.74099731445312,132.18699645996094,133.3070068359375
2023-01-09,131.86199951171875,132.64500427246094,131.32699584960938,131.86199951171875
2023-01-10,131.72900390625,132.46600341796875,131.43299865722656,131.72900390625
2023-01-11,132.1009979248047,132.85400390625,132.10299682617188,132.1009979248047
2023-01-12,131.90199279785156,132.02099609375,129.56900024414062,131.90199279785156
2023-01-13,129.1719970703125,129.3419952392578,127.46800231933594,129.1719970703125
2023-01-16,128.0260009765625,128.80999755859375,127.25399780273438,128.0260009765625
2023-01-17,128.3209991455078,129.11599731445312,128.02200317382812,128.3209991455078
2023-01-18,128.281005859375,131.5590057373047,127.60700225830078,128.281005859375
2023-01-19,128.53900146484375,128.7729949951172,127.7770004272461,128.53900146484375
2023-01-20,128.3699951171875,130.60400390625,128.35499572753906,128.3699951171875
2023-01-23,129.38499450683594,130.875,129.06199645996094,129.35400390625
2023-01-24,130.5970001220703,131.06900024414062,129.74400329589844,130.5970001220703
2023-01-25,130.23899841308594,130.5679931640625,129.29299926757812,130.23899841308594
2023-01-26,129.23699951171875,130.58299255371094,129.03500366210938,129.23699951171875
2023-01-27,129.8000030517578,130.2550048828125,129.54600524902344,129.8000030517578
2023-01-30,129.85400390625,130.46099853515625,129.2050018310547,129.85400390625
2023-01-31,130.47900390625,130.4759979248047,129.7689971923828,130.47900390625
2023-02-01,130.11000061035156,130.39599609375,129.2100067138672,130.11000061035156
2023-02-02,128.6219940185547,129.09100341796875,128.09300231933594,128.6219940185547
2023-02-03,128.74600219726562,131.13699340820312,128.33599853515625,128.74600219726562
2023-02-06,132.00900268554688,132.89199829101562,131.59100341796875,132.00900268554688
2023-02-07,132.6230010986328,132.6219940185547,131.16000366210938,132.6230010986328
2023-02-08,131.04200744628906,131.51400756835938,130.60899353027344,131.04200744628906
2023-02-09,131.38699340820312,131.8090057373047,130.3520050048828,131.38699340820312
2023-02-10,131.5189971923828,131.83200073242188,129.83399963378906,131.5189971923828
2023-02-13,131.55099487304688,132.86399841308594,131.46600341796875,131.55099487304688
2023-02-14,132.33700561523438,133.1179962158203,131.66200256347656,132.33700561523438
2023-02-15,132.99099731445312,134.32400512695312,132.55499267578125,132.99099731445312
2023-02-16,133.9029998779297,134.4429931640625,133.60899353027344,133.9029998779297
2023-02-17,134.07400512695312,135.0800018310547,134.07200622558594,134.07400512695312
2023-02-20,134.3070068359375,134.52999877929688,133.9290008544922,134.3070068359375
2023-02-21,134.33599853515625,135.1909942626953,134.156005859375,134.33599853515625
2023-02-22,134.9759979248047,135.04800415039062,134.38299560546875,134.9759979248047
2023-02-23,134.9320068359375,135.34300231933594,134.6439971923828,134.9320068359375
2023-02-24,134.6280059814453,136.4239959716797,134.18099975585938,134.6280059814453
2023-02-27,136.39500427246094,136.4759979248047,135.9290008544922,136.39500427246094
2023-02-28,136.31700134277344,136.90899658203125,136.02200317382812,136.31700134277344
2023-03-01,136.34800720214844,136.46200561523438,135.25999450683594,136.34800720214844
2023-03-02,136.19400024414062,137.06500244140625,136.08799743652344,136.19400024414062
2023-03-03,136.7050018310547,136.74000549316406,135.8280029296875,136.7050018310547
2023-03-06,135.8699951171875,136.1790008544922,135.39500427246094,135.86000061035156
2023-03-07,135.99899291992188,136.94700622558594,135.58099365234375,135.99899291992188
2023-03-08,137.39100646972656,137.89599609375,136.50599670410156,137.39100646972656
2023-03-09,137.2259979248047,137.2519989013672,135.99000549316406,137.2259979248047
2023-03-10,136.39500427246094,136.97900390625,134.1719970703125,136.39500427246094
2023-03-13,134.97000122070312,135.02000427246094,132.29299926757812,134.97999572753906
2023-03-14,133.11399841308594,134.8730010986328,133.0709991455078,133.11399841308594
2023-03-15,134.39700317382812,135.05799865722656,132.2519989013672,134.39700317382812
2023-03-16,132.9290008544922,133.45799255371094,131.74400329589844,132.9290008544922
2023-03-17,133.3679962158203,133.5659942626953,131.83700561523438,133.3679962158203
2023-03-20,132.28399658203125,132.6300048828125,130.55799865722656,132.28399658203125
2023-03-21,131.39199829101562,132.43699645996094,131.04800415039062,131.39199829101562
2023-03-22,132.34800720214844,132.9929962158203,132.26699829101562,132.34800720214844
2023-03-23,131.1790008544922,131.63600158691406,130.447998046875,131.1790008544922
2023-03-24,130.86500549316406,130.91900634765625,129.6739959716797,130.86500549316406
2023-03-27,130.8459930419922,131.74099731445312,130.50900268554688,130.8459930419922
2023-03-28,131.23300170898438,131.2760009765625,130.4459991455078,131.23300170898438
2023-03-29,131.04600524902344,132.697998046875,130.92799377441406,131.04600524902344
2023-03-30,132.5760040283203,132.93299865722656,132.2220001220703,132.5760040283203
2023-03-31,133.2010040283203,133.56399536132812,132.7259979248047,133.2010040283203
2023-04-03,133.3470001220703,133.7310028076172,132.2209930419922,133.3470001220703
2023-04-04,132.2989959716797,133.13999938964844,131.57400512695312,132.2989959716797
2023-04-05,131.48500061035156,131.83900451660156,130.6840057373047,131.48500061035156
2023-04-06,130.9340057373047,131.85299682617188,130.79100036621094,130.9340057373047
2023-04-07,131.66900634765625,132.3159942626953,131.52499389648438,131.66900634765625
2023-04-10,132.0970001220703,133.8419952392578,132.01400756835938,132.0970001220703
2023-04-11,133.468994140625,133.66600036621094,132.9810028076172,133.468994140625
2023-04-12,133.593994140625,134.0229949951172,132.781005859375,133.593994140625
2023-04-13,133.0850067138672,133.36700439453125,132.02999877929688,133.0850067138672
2023-04-14,132.48699951171875,133.75599670410156,132.17599487304688,132.48699951171875
2023-04-17,133.9709930419922,134.56500244140625,133.71400451660156,133.9709930419922
2023-04-18,134.4250030517578,134.6929931640625,133.8679962158203,134.4250030517578
2023-04-19,134.04400634765625,135.0469970703125,133.96099853515625,134.04400634765625
2023-04-20,134.70399475097656,134.9600067138672,134.02699279785156,134.70399475097656
2023-04-21,133.99600219726562,134.46499633789062,133.55499267578125,133.99600219726562
2023-04-24,133.96099853515625,134.72500610351562,133.88999938964844,133.96099853515625
2023-04-25,134.08399963378906,134.44900512695312,133.7469940185547,134.08399963378906
2023-04-26,133.71099853515625,133.86599731445312,133.0260009765625,133.71099853515625
2023-04-27,133.46499633789062,134.1820068359375,133.2949981689453,133.46499633789062
2023-04-28,133.802001953125,136.5290069580078,133.73399353027344,133.802001953125
2023-05-01,136.38600158691406,137.40199279785156,136.26300048828125,136.38600158691406
2023-05-02,137.52099609375,137.76499938964844,136.40899658203125,137.52099609375
2023-05-03,136.46600341796875,136.56900024414062,135.07200622558594,136.46600341796875
2023-05-04,134.54400634765625,134.8699951171875,133.68600463867188,134.54400634765625
2023-05-05,134.1790008544922,135.0850067138672,133.88600158691406,134.1790008544922
2023-05-08,135.19900512695312,135.20599365234375,134.66400146484375,135.19900512695312
2023-05-09,135.072998046875,135.33599853515625,134.73699951171875,135.072998046875
2023-05-10,135.28799438476562,135.45599365234375,134.30999755859375,135.28799438476562
2023-05-11,134.08700561523438,134.84100341796875,133.7519989013672,134.08700561523438
2023-05-12,134.4980010986328,135.62899780273438,134.40199279785156,134.4980010986328
2023-05-15,135.82200622558594,136.31199645996094,135.71600341796875,135.82200622558594
2023-05-16,136.0449981689453,136.6750030517578,135.697998046875,136.0449981689453
2023-05-17,136.42999267578125,137.5659942626953,136.3040008544922,136.42999267578125
2023-05-18,137.61399841308594,138.65899658203125,137.31100463867188,137.61399841308594
2023-05-19,138.6199951171875,138.64700317382812,137.46200561523438,138.6199951171875
2023-05-22,137.69200134277344,138.65899658203125,137.50399780273438,137.69200134277344
2023-05-23,138.6719970703125,138.87600708007812,138.2530059814453,138.6719970703125
2023-05-24,138.59800720214844,139.177001953125,138.24899291992188,138.59800720214844
2023-05-25,139.2830047607422,139.87600708007812,139.20599365234375,139.2830047607422
2023-05-26,140.01699829101562,140.68099975585938,139.51400756835938,140.01699829101562
2023-05-29,140.87100219726562,140.9010009765625,140.1199951171875,140.87100219726562
2023-05-30,140.4409942626953,140.9029998779297,139.5800018310547,140.4409942626953
2023-05-31,139.79200744628906,140.34100341796875,139.3159942626953,139.79200744628906
2023-06-01,139.1269989013672,139.9459991455078,138.4969940185547,139.1269989013672
2023-06-02,138.7480010986328,139.7969970703125,138.61000061035156,138.7480010986328
2023-06-05,140.20700073242188,140.44500732421875,139.25599670410156,140.20700073242188
2023-06-06,139.38299560546875,139.96099853515625,139.11700439453125,139.38299560546875
2023-06-07,139.52699279785156,140.0260009765625,139.04299926757812,139.52699279785156
2023-06-08,139.8990020751953,140.08999633789062,138.8249969482422,139.8990020751953
2023-06-09,138.86300659179688,139.71499633789062,138.89999389648438,138.86300659179688
2023-06-12,139.37100219726562,139.72500610351562,139.0709991455078,139.37100219726562
2023-06-13,139.4600067138672,140.10699462890625,139.01600646972656,139.4600067138672
2023-06-14,140.177001953125,140.1929931640625,139.2969970703125,140.177001953125
2023-06-15,139.9770050048828,141.4759979248047,139.9600067138672,139.9770050048828
2023-06-16,140.26800537109375,141.86599731445312,139.86199951171875,140.26800537109375
2023-06-19,141.86700439453125,141.99600219726562,141.45399475097656,141.86700439453125
2023-06-20,141.8990020751953,142.2239990234375,141.2449951171875,141.8990020751953
2023-06-21,141.3350067138672,142.32899475097656,141.37100219726562,141.3350067138672
2023-06-22,141.68800354003906,142.9340057373047,141.62600708007812,141.68800354003906
2023-06-23,143.02999877929688,143.85400390625,142.76199340820312,143.02999877929688
2023-06-26,143.54100036621094,143.6820068359375,142.97300720214844,143.54100036621094
2023-06-27,143.4600067138672,144.16299438476562,143.29200744628906,143.4600067138672
2023-06-28,143.8820037841797,144.59500122070312,143.73599243164062,143.8820037841797
2023-06-29,144.38900756835938,144.89199829101562,144.13800048828125,144.38900756835938
2023-06-30,144.77999877929688,145.0330047607422,144.22799682617188,144.77999877929688
2023-07-03,144.3979949951172,144.90899658203125,144.0229949951172,144.3979949951172
2023-07-04,144.58399963378906,144.67300415039062,144.2100067138672,144.58399963378906
2023-07-05,144.406005859375,144.72500610351562,144.08999633789062,144.406005859375
2023-07-06,144.48899841308594,144.64199829101562,143.58299255371094,144.48899841308594
2023-07-07,143.9510040283203,144.1929931640625,142.11000061035156,143.9510040283203
2023-07-10,142.20899963378906,142.99899291992188,141.5279998779297,142.20899963378906
2023-07-11,141.2969970703125,141.4409942626953,140.1649932861328,141.2969970703125
2023-07-12,140.1179962158203,140.07400512695312,138.2050018310547,140.1179962158203
2023-07-13,138.31500244140625,138.93699645996094,138.05599975585938,138.31500244140625
2023-07-14,138.0749969482422,139.1009979248047,137.31500244140625,138.0749969482422
2023-07-17,138.6820068359375,139.3939971923828,138.01499938964844,138.6820068359375
2023-07-18,138.72900390625,138.95599365234375,137.8280029296875,138.72900390625
2023-07-19,139.02699279785156,139.99000549316406,138.87600708007812,139.02699279785156
2023-07-20,139.59800720214844,140.4029998779297,139.1230010986328,139.59800720214844
2023-07-21,139.86399841308594,141.93699645996094,139.7519989013672,139.86399841308594
2023-07-24,141.75,141.77099609375,140.88600158691406,141.75
2023-07-25,141.52200317382812,141.69000244140625,140.9149932861328,141.52200317382812
2023-07-26,140.91299438476562,141.1790008544922,140.18899536132812,140.91299438476562
2023-07-27,140.36700439453125,141.281005859375,139.3979949951172,140.36700439453125
2023-07-28,138.86399841308594,140.95700073242188,138.08999633789062,138.86399841308594
2023-07-31,140.75799560546875,142.6479949951172,140.7010040283203,140.75799560546875
2023-08-01,142.322998046875,143.4530029296875,142.2899932861328,142.322998046875
2023-08-02,142.97000122070312,143.4600067138672,142.2570037841797,142.97000122070312
2023-08-03,143.343994140625,143.8780059814453,142.09300231933594,143.343994140625
2023-08-04,142.59800720214844,142.86700439453125,141.5570068359375,142.59800720214844
2023-08-07,141.87600708007812,142.48800659179688,141.5229949951172,141.87600708007812
2023-08-08,142.5240020751953,143.41900634765625,142.572998046875,142.5240020751953
2023-08-09,143.2779998779297,143.71200561523438,143.01400756835938,143.2779998779297
2023-08-10,143.7270050048828,144.48300170898438,143.33900451660156,143.7270050048828
2023-08-11,144.85400390625,144.96299743652344,144.43699645996094,144.85400390625
2023-08-14,144.81700134277344,145.5659942626953,144.75100708007812,144.81700134277344
2023-08-15,145.43699645996094,145.85800170898438,145.10699462890625,145.43699645996094
2023-08-16,145.60800170898438,145.88299560546875,145.31900024414062,145.60800170898438
2023-08-17,146.33299255371094,146.52499389648438,145.63800048828125,146.33299255371094
2023-08-18,145.71400451660156,145.7740020751953,145.13400268554688,145.71400451660156
2023-08-21,145.30499267578125,146.38299560546875,145.1490020751953,145.30499267578125
2023-08-22,146.23800659179688,146.38999938964844,145.5019989013672,146.23800659179688
2023-08-23,145.76300048828125,145.81300354003906,144.5800018310547,145.76300048828125
2023-08-24,144.67300415039062,145.94700622558594,144.62100219726562,144.67300415039062
2023-08-25,146.06700134277344,146.60499572753906,145.73399353027344,146.06700134277344
2023-08-28,146.531005859375,146.71600341796875,146.2779998779297,146.531005859375
2023-08-29,146.46400451660156,147.343994140625,145.8520050048828,146.46400451660156
2023-08-30,145.98800659179688,146.5229949951172,145.55799865722656,145.98800659179688
2023-08-31,146.0989990234375,146.1909942626953,145.531005859375,146.0989990234375
2023-09-01,145.47300720214844,146.2270050048828,144.48199462890625,145.47300720214844
2023-09-04,146.0570068359375,146.49000549316406,146.04100036621094,146.0570068359375
2023-09-05,146.54299926757812,147.71600341796875,146.4980010986328,146.54299926757812
2023-09-06,147.4709930419922,147.79600524902344,147.03700256347656,147.4709930419922
2023-09-07,147.70899963378906,147.86500549316406,147.0570068359375,147.70899963378906
2023-09-08,147.33099365234375,147.74200439453125,146.68699645996094,147.33099365234375
2023-09-11,147.11300659179688,147.10000610351562,145.91299438476562,147.11300659179688
2023-09-12,146.67799377441406,147.218994140625,146.47300720214844,146.67799377441406
2023-09-13,147.1580047607422,147.61500549316406,147.11199951171875,147.1580047607422
2023-09-14,147.3459930419922,147.53700256347656,147.02699279785156,147.3459930419922
2023-09-15,147.48199462890625,147.94900512695312,147.34100341796875,147.48199462890625
2023-09-18,147.8679962158203,147.86099243164062,147.55999755859375,147.8679962158203
2023-09-19,147.60499572753906,147.88999938964844,147.51499938964844,147.60499572753906
2023-09-20,147.74200439453125,148.16299438476562,147.6230010986328,147.74200439453125
2023-09-21,148.3209991455078,148.447998046875,147.3249969482422,148.3209991455078
2023-09-22,147.6439971923828,148.4040069580078,147.5290069580078,147.6439971923828
2023-09-25,148.4340057373047,148.94400024414062,148.28500366210938,148.4340057373047
2023-09-26,148.81100463867188,149.17599487304688,148.70799255371094,148.81100463867188
2023-09-27,149.0449981689453,149.4949951171875,148.86599731445312,149.0449981689453
2023-09-28,149.4980010986328,149.54200744628906,149.16400146484375,149.4980010986328
2023-09-29,149.33700561523438,149.4459991455078,148.531005859375,149.33700561523438
2023-10-02,149.5399932861328,149.86399841308594,149.46499633789062,149.5399932861328
2023-10-03,149.8509979248047,150.14199829101562,148.71200561523438,149.8509979248047
2023-10-04,149.19200134277344,149.30599975585938,148.74000549316406,149.19200134277344
2023-10-05,148.96600341796875,149.10000610351562,148.30599975585938,148.96600341796875
2023-10-06,148.46299743652344,149.48800659179688,148.46499633789062,148.46299743652344
2023-10-09,149.16000366210938,149.21800231933594,148.5229949951172,149.16000366210938
2023-10-10,148.32699584960938,149.09300231933594,148.18899536132812,148.32699584960938
2023-10-11,148.6280059814453,149.17999267578125,148.43800354003906,148.6280059814453
2023-10-12,149.03599548339844,149.78199768066406,148.95799255371094,149.03599548339844
2023-10-13,149.7899932861328,149.822998046875,149.45599365234375,149.7899932861328
2023-10-16,149.5659942626953,149.7530059814453,149.3780059814453,149.5659942626953
2023-10-17,149.5780029296875,149.78900146484375,149.31900024414062,149.5780029296875
2023-10-18,149.75900268554688,149.87899780273438,149.51300048828125,149.75900268554688
2023-10-19,149.74200439453125,149.9320068359375,149.70700073242188,149.74200439453125
2023-10-20,149.802001953125,149.99200439453125,149.80499267578125,149.802001953125
2023-10-23,149.8800048828125,149.98899841308594,149.74200439453125,149.8800048828125
2023-10-24,149.7689971923828,149.91799926757812,149.3350067138672,149.7689971923828
2023-10-25,149.85400390625,149.97000122070312,149.7949981689453,149.85400390625
2023-10-26,150.09800720214844,150.77200317382812,150.04800415039062,150.09800720214844
2023-10-27,150.36599731445312,150.4029998779297,149.5540008544922,150.36599731445312
2023-10-30,149.73300170898438,149.8459930419922,148.81399536132812,149.73300170898438
2023-10-31,149.11099243164062,151.5290069580078,149.02999877929688,149.11099243164062
2023-11-01,151.29400634765625,151.4320068359375,150.82400512695312,151.29400634765625
2023-11-02,150.5749969482422,150.58799743652344,149.85000610351562,150.5749969482422
2023-11-03,150.4969940185547,150.4929962158203,149.25900268554688,150.4969940185547
2023-11-06,149.44900512695312,149.8300018310547,149.3820037841797,149.44900512695312
2023-11-07,149.98899841308594,150.68699645996094,149.968994140625,149.98899841308594
2023-11-08,150.39599609375,150.98199462890625,150.3459930419922,150.39599609375
2023-11-09,150.86399841308594,151.17599487304688,150.79800415039062,150.86399841308594
2023-11-10,151.3489990234375,151.5590057373047,151.22500610351562,151.3489990234375
2023-11-13,151.468994140625,151.9029998779297,151.24000549316406,151.468994140625
2023-11-14,151.64599609375,151.77499389648438,150.69700622558594,151.64599609375
2023-11-15,150.48500061035156,151.23199462890625,150.25999450683594,150.48500061035156
2023-11-16,151.21499633789062,151.42100524902344,150.2969970703125,151.21499633789062
2023-11-17,150.7050018310547,150.7689971923828,149.21499633789062,150.7050018310547
2023-11-20,149.94200134277344,149.968994140625,148.10899353027344,149.94200134277344
2023-11-21,148.36199951171875,148.41700744628906,147.16900634765625,148.36199951171875
2023-11-22,148.15199279785156,149.74400329589844,148.093994140625,148.15199279785156
2023-11-23,149.4600067138672,149.68699645996094,148.88800048828125,149.4600067138672
2023-11-24,149.63499450683594,149.69900512695312,149.2010040283203,149.63499450683594
2023-11-27,149.5709991455078,149.6529998779297,148.6739959716797,149.5709991455078
2023-11-28,148.45199584960938,148.79600524902344,147.39999389648438,148.45199584960938
2023-11-29,147.06300354003906,147.88800048828125,146.69900512695312,147.06300354003906
2023-11-30,147.03900146484375,148.4600067138672,146.88600158691406,147.03900146484375
2023-12-01,147.99899291992188,148.31399536132812,146.8509979248047,147.99899291992188
2023-12-04,146.39300537109375,147.22300720214844,146.25399780273438,146.39300537109375
2023-12-05,147.32699584960938,147.3699951171875,146.593994140625,147.32699584960938
2023-12-06,147.18499755859375,147.48699951171875,146.90499877929688,147.18499755859375
2023-12-07,147.1840057373047,147.18099975585938,143.85699462890625,147.1840057373047
2023-12-08,144.2779998779297,145.1479949951172,142.5229949951172,144.2779998779297
2023-12-11,144.98300170898438,146.55299377441406,144.9029998779297,144.98300170898438
2023-12-12,146.0850067138672,146.11599731445312,144.81500244140625,146.0850067138672
2023-12-13,145.27999877929688,145.9770050048828,145.06199645996094,145.27999877929688
2023-12-14,142.7729949951172,142.8730010986328,141.04400634765625,142.7729949951172
2023-12-15,142.2790069580078,142.44700622558594,141.47000122070312,142.2790069580078
2023-12-18,142.31300354003906,143.1269989013672,142.0760040283203,142.31300354003906
2023-12-19,142.7220001220703,144.93499755859375,142.26300048828125,142.7220001220703
2023-12-20,143.88900756835938,144.06300354003906,143.302001953125,143.88900756835938
2023-12-21,143.5229949951172,143.5489959716797,142.05999755859375,143.5229949951172
2023-12-22,142.07000732421875,142.64599609375,141.88400268554688,142.07000732421875
2023-12-25,142.3419952392578,142.47999572753906,142.13900756835938,142.3419952392578
2023-12-26,142.22999572753906,142.6199951171875,142.10800170898438,142.22999572753906
2023-12-27,142.46099853515625,142.83200073242188,141.85800170898438,142.46099853515625
2023-12-28,141.3990020751953,141.65199279785156,140.2899932861328,141.3990020751953
2023-12-29,141.42999267578125,141.8990020751953,140.82899475097656,141.42999267578125
2024-01-01,140.95199584960938,141.02499389648438,140.95199584960938,140.95199584960938
2024-01-02,141.12600708007812,142.18600463867188,141.10699462890625,141.12600708007812
2024-01-03,142.15499877929688,143.6929931640625,141.86900329589844,142.15499877929688
2024-01-04,142.99899291992188,144.83200073242188,142.8679962158203,142.99899291992188
2024-01-05,144.76499938964844,145.95799255371094,143.84800720214844,144.76499938964844
2024-01-08,144.71600341796875,144.79299926757812,143.6699981689453,144.71600341796875
2024-01-09,144.22999572753906,144.4320068359375,143.4530029296875,144.22999572753906
2024-01-10,144.42799377441406,145.80999755859375,144.43899536132812,144.42799377441406
2024-01-11,145.73399353027344,146.35899353027344,145.2790069580078,145.73399353027344
2024-01-12,145.04600524902344,145.51100158691406,144.36900329589844,145.04600524902344
2024-01-15,145.1490020751953,145.9340057373047,145.0970001220703,145.1490020751953
2024-01-16,145.79400634765625,147.16400146484375,145.59100341796875,145.79400634765625
2024-01-17,147.24600219726562,148.5019989013672,147.1269989013672,147.24600219726562
2024-01-18,148.1179962158203,148.29800415039062,147.66700744628906,148.1179962158203
2024-01-19,148.1280059814453,148.781005859375,147.85000610351562,148.1280059814453
2024-01-22,148.12100219726562,148.2760009765625,147.64100646972656,148.12100219726562
2024-01-23,148.14199829101562,148.5800018310547,147.04299926757812,148.14199829101562
2024-01-24,148.25100708007812,148.23800659179688,146.67599487304688,148.25100708007812
2024-01-25,147.59100341796875,147.85800170898438,147.10899353027344,147.59100341796875
2024-01-26,147.72300720214844,148.13900756835938,147.50900268554688,147.72300720214844
2024-01-29,148.13999938964844,148.32200622558594,147.6060028076172,148.13999938964844
2024-01-30,147.46800231933594,147.90199279785156,147.11000061035156,147.46800231933594
2024-01-31,147.36900329589844,147.88999938964844,146.08200073242188,147.36900329589844
2024-02-01,146.99600219726562,147.10899353027344,145.92100524902344,146.99600219726562
2024-02-02,146.4510040283203,148.56199645996094,146.2480010986328,146.4510040283203
2024-02-05,148.50100708007812,148.8800048828125,148.27999877929688,148.50100708007812
2024-02-06,148.63999938964844,148.7830047607422,148.00599670410156,148.63999938964844
2024-02-07,147.8179931640625,148.2449951171875,147.66299438476562,147.8179931640625
2024-02-08,148.08599853515625,149.4739990234375,147.93499755859375,148.08599853515625
2024-02-09,149.25900268554688,149.5709991455078,149.0590057373047,149.25900268554688
2024-02-12,149.16700744628906,149.4759979248047,148.9320068359375,149.16700744628906
2024-02-13,149.40499877929688,150.75399780273438,149.28399658203125,149.40499877929688
2024-02-14,150.7239990234375,150.7740020751953,150.36300659179688,150.7239990234375
2024-02-15,150.54400634765625,150.5590057373047,149.75900268554688,150.54400634765625
2024-02-16,149.9459991455078,150.63699340820312,149.92999267578125,149.9459991455078
2024-02-19,150.13900756835938,150.18699645996094,149.88299560546875,150.09100341796875
2024-02-20,150.27000427246094,150.4340057373047,149.697998046875,150.27000427246094
2024-02-21,149.93899536132812,150.2949981689453,149.85699462890625,149.93899536132812
2024-02-22,150.35499572753906,150.63900756835938,150.01600646972656,150.35499572753906
2024-02-23,150.48300170898438,150.76199340820312,150.30599975585938,150.48300170898438
2024-02-26,150.4969940185547,150.81399536132812,150.29600524902344,150.4980010986328
2024-02-27,150.5659942626953,150.60000610351562,150.1280059814453,150.5659942626953
2024-02-28,150.4949951171875,150.83700561523438,150.3730010986328,150.4949951171875
2024-02-29,150.656005859375,150.64100646972656,149.21499633789062,150.656005859375
2024-03-01,150.09500122070312,150.697998046875,150.06900024414062,150.09500122070312
2024-03-04,150.10499572753906,150.5659942626953,149.843994140625,150.10499572753906
2024-03-05,150.46600341796875,150.54200744628906,149.73300170898438,150.46600341796875
2024-03-06,150.0489959716797,150.0760040283203,149.13900756835938,150.0489959716797
2024-03-07,149.2689971923828,149.25900268554688,147.58299255371094,149.2689971923828
2024-03-08,147.8679962158203,148.10000610351562,146.50399780273438,147.8679962158203
2024-03-11,146.7740020751953,147.125,146.4949951171875,146.7740020751953
2024-03-12,146.73199462890625,147.95599365234375,146.64500427246094,146.73199462890625
2024-03-13,147.61900329589844,148.031005859375,147.2519989013672,147.61900329589844
2024-03-14,147.62100219726562,148.30299377441406,147.50900268554688,147.62100219726562
2024-03-15,148.29600524902344,149.1580047607422,148.0570068359375,148.29600524902344
2024-03-18,148.9550018310547,149.3209991455078,148.9290008544922,148.9550018310547
2024-03-19,149.1439971923828,150.83900451660156,149.11700439453125,149.1439971923828
2024-03-20,151.03500366210938,151.79100036621094,151.01600646972656,151.03500366210938
2024-03-21,150.75999450683594,151.65199279785156,150.2760009765625,150.75999450683594
2024-03-22,151.63299560546875,151.8459930419922,151.0260009765625,151.63299560546875
2024-03-25,151.30499267578125,151.42999267578125,151.0570068359375,151.30499267578125
2024-03-26,151.3730010986328,151.59100341796875,151.218994140625,151.3730010986328
2024-03-27,151.52999877929688,151.94400024414062,151.03799438476562,151.52999877929688
2024-03-28,151.28700256347656,151.53900146484375,151.15199279785156,151.28700256347656
2024-03-29,151.44000244140625,151.48899841308594,151.16900634765625,151.44000244140625
2024-04-01,151.3979949951172,151.75399780273438,151.25799560546875,151.3979949951172
2024-04-02,151.58099365234375,151.78700256347656,151.4770050048828,151.58099365234375
2024-04-03,151.5399932861328,151.94700622558594,151.45899963378906,151.5399932861328
2024-04-04,151.58099365234375,151.76300048828125,151.51199340820312,151.58099365234375
2024-04-05,151.29200744628906,151.7429962158203,150.85400390625,151.29200744628906
2024-04-08,151.69000244140625,151.9320068359375,151.677001953125,151.69000244140625
2024-04-09,151.84300231933594,151.92799377441406,151.57899475097656,151.84300231933594
2024-04-10,151.77699279785156,152.92599487304688,151.68299865722656,151.77699279785156
2024-04-11,152.96400451660156,153.3090057373047,152.76699829101562,152.96400451660156
2024-04-12,153.19200134277344,153.3769989013672,152.61700439453125,153.19200134277344
2024-04-15,153.2830047607422,154.43600463867188,153.28500366210938,153.2830047607422
2024-04-16,154.20599365234375,154.76100158691406,154.14999389648438,154.20599365234375
2024-04-17,154.697998046875,154.7270050048828,154.46099853515625,154.697998046875
2024-04-18,154.3419952392578,154.64100646972656,153.98500061035156,154.3419952392578
2024-04-19,154.61000061035156,154.66099548339844,153.6179962158203,154.61000061035156
2024-04-22,154.62899780273438,154.78399658203125,154.58700561523438,154.63999938964844
2024-04-23,154.81300354003906,154.87100219726562,154.593994140625,154.81300354003906
2024-04-24,154.74400329589844,155.1300048828125,154.74000549316406,154.74400329589844
2024-04-25,155.25900268554688,155.73599243164062,155.25900268554688,155.25900268554688
2024-04-26,155.5970001220703,157.66600036621094,155.47900390625,155.5970001220703
2024-04-29,158.2239990234375,159.96099853515625,154.5489959716797,158.2239990234375
2024-04-30,156.31399536132812,157.55599975585938,156.20399475097656,156.31399536132812
2024-05-01,157.7220001220703,157.98199462890625,157.42100524902344,157.7220001220703
2024-05-02,155.70399475097656,156.25100708007812,153.4949951171875,155.70399475097656
2024-05-03,153.0449981689453,153.41000366210938,151.88099670410156,153.0449981689453
2024-05-06,153.5659942626953,154.0050048828125,153.3209991455078,153.5659942626953
2024-05-07,154.23699951171875,154.63999938964844,153.8939971923828,154.23699951171875
2024-05-08,154.7480010986328,155.64999389648438,154.69400024414062,154.7480010986328
2024-05-09,155.41900634765625,155.94700622558594,155.2259979248047,155.41900634765625
2024-05-10,155.38900756835938,155.88600158691406,155.38099670410156,155.38900756835938
2024-05-13,155.8179931640625,156.2100067138672,155.5959930419922,155.8179931640625
2024-05-14,156.23300170898438,156.67100524902344,156.2270050048828,156.23300170898438
2024-05-15,156.4980010986328,156.55299377441406,154.75900268554688,156.4980010986328
2024-05-16,154.28199768066406,155.51600646972656,153.58999633789062,154.28199768066406
2024-05-17,155.37899780273438,155.97500610351562,155.27099609375,155.37899780273438
2024-05-20,155.75399780273438,156.218994140625,155.51400756835938,155.75399780273438
2024-05-21,156.3699951171875,156.5240020751953,155.8719940185547,156.3699951171875
2024-05-22,156.25100708007812,156.60499572753906,156.14700317382812,156.25100708007812
2024-05-23,156.70399475097656,157.16299438476562,156.5290069580078,156.70399475097656
2024-05-24,156.97300720214844,157.13699340820312,156.8679962158203,156.97300720214844
2024-05-27,156.8699951171875,156.9550018310547,156.67799377441406,156.8699951171875
2024-05-28,156.84500122070312,156.98899841308594,156.61199951171875,156.84500122070312
2024-05-29,157.26199340820312,157.63900756835938,157.02200317382812,157.26199340820312
2024-05-30,157.60800170898438,157.6269989013672,156.427001953125,157.60800170898438
2024-05-31,156.9530029296875,157.36199951171875,156.57000732421875,156.9530029296875
2024-06-03,157.17999267578125,157.4510040283203,155.9709930419922,157.17999267578125
2024-06-04,156.0760040283203,156.47900390625,154.6009979248047,156.0760040283203
2024-06-05,155.12399291992188,156.47300720214844,155.11099243164062,155.12399291992188
2024-06-06,155.9290008544922,156.39599609375,155.40699768066406,155.9290008544922
2024-06-07,155.69700622558594,157.06700134277344,155.14199829101562,155.69700622558594
2024-06-10,156.83299255371094,157.18600463867188,156.72300720214844,156.83299255371094
2024-06-11,157.0399932861328,157.38800048828125,156.81100463867188,157.0399932861328
2024-06-12,157.10499572753906,157.36500549316406,155.72900390625,157.10499572753906
2024-06-13,156.8000030517578,157.3000030517578,156.57699584960938,156.8000030517578
2024-06-14,157.1280059814453,158.2469940185547,156.89999389648438,157.1280059814453
2024-06-17,157.54600524902344,157.95199584960938,157.1699981689453,157.54600524902344
2024-06-18,157.6999969482422,158.22799682617188,157.52499389648438,157.6999969482422
2024-06-19,157.87100219726562,157.94500732421875,157.61300659179688,157.87100219726562
2024-06-20,157.95799255371094,158.77200317382812,157.95599365234375,157.95799255371094
2024-06-21,158.93099975585938,159.60800170898438,158.68600463867188,158.93099975585938
2024-06-24,159.86099243164062,159.91299438476562,159.01800537109375,159.86099243164062
2024-06-25,159.68600463867188,159.75,159.2530059814453,159.68600463867188
2024-06-26,159.68600463867188,160.80299377441406,159.66299438476562,159.68600463867188
2024-06-27,160.62100219726562,160.7239990234375,160.31399536132812,160.62100219726562
2024-06-28,160.68699645996094,161.24099731445312,160.27699279785156,160.68699645996094
2024-07-01,160.90699768066406,161.71499633789062,160.81900024414062,160.90699768066406
2024-07-02,161.51199340820312,161.72999572753906,161.28500366210938,161.51199340820312
2024-07-03,161.50399780273438,161.94200134277344,160.86500549316406,161.50399780273438
2024-07-04,161.62100219726562,161.58599853515625,160.9550018310547,161.62100219726562
2024-07-05,161.35800170898438,161.3719940185547,160.4459991455078,161.35800170898438
2024-07-08,160.63800048828125,161.10699462890625,160.27200317382812,160.63800048828125
2024-07-09,160.85699462890625,161.4949951171875,160.7469940185547,160.85699462890625
2024-07-10,161.33099365234375,161.74000549316406,161.3000030517578,161.33099365234375
2024-07-11,161.60699462890625,161.7469940185547,157.48899841308594,161.60699462890625
2024-07-12,158.2010040283203,159.37600708007812,157.37899780273438,158.2010040283203
2024-07-15,158.31300354003906,158.35800170898438,157.75399780273438,158.31300354003906
2024-07-16,158.14100646972656,158.84100341796875,158.11300659179688,158.14100646972656
2024-07-17,158.35000610351562,158.5780029296875,156.1199951171875,158.35000610351562
2024-07-18,155.68600463867188,156.98500061035156,155.4969940185547,155.68600463867188
2024-07-19,157.14999389648438,157.85499572753906,156.97799682617188,157.14999389648438
2024-07-22,157.4219970703125,157.60499572753906,156.2989959716797,157.4219970703125
2024-07-23,156.89100646972656,156.9029998779297,155.82899475097656,156.89100646972656
2024-07-24,155.76800537109375,155.9770050048828,153.11099243164062,155.76800537109375
2024-07-25,153.89100646972656,154.1510009765625,151.9669952392578,153.89100646972656
2024-07-26,153.69700622558594,154.7310028076172,153.26199340820312,153.69700622558594
2024-07-29,154.13900756835938,154.33700561523438,153.06300354003906,154.13900756835938
2024-07-30,153.83299255371094,155.19000244140625,153.656005859375,153.83299255371094
2024-07-31,152.6699981689453,153.58099365234375,149.66400146484375,152.6699981689453
2024-08-01,149.74400329589844,150.85699462890625,148.5050048828125,149.74400329589844
2024-08-02,149.2010040283203,149.76400756835938,146.4239959716797,149.2010040283203
2024-08-05,145.58399963378906,145.91799926757812,141.69700622558594,145.58399963378906
2024-08-06,145.7899932861328,146.2570037841797,144.06300354003906,145.7899932861328
2024-08-07,144.73199462890625,147.82200622558594,144.5540008544922,144.73199462890625
2024-08-08,146.12399291992188,147.47500610351562,145.4709930419922,146.12399291992188
2024-08-09,147.66900634765625,147.73599243164062,146.31199645996094,147.66900634765625
2024-08-12,147.04200744628906,148.2010040283203,146.69900512695312,147.04200744628906
2024-08-13,146.98199462890625,147.92999267578125,146.91099548339844,146.98199462890625
2024-08-14,146.9709930419922,147.552001953125,146.08099365234375,146.9709930419922
2024-08-15,147.2530059814453,149.26300048828125,147.06300354003906,147.2530059814453
2024-08-16,149.2220001220703,149.22999572753906,147.63900756835938,149.2220001220703
2024-08-19,147.95599365234375,147.95899963378906,145.2209930419922,147.95599365234375
2024-08-20,146.69900512695312,147.31900024414062,145.53399658203125,146.69900512695312
2024-08-21,145.3470001220703,146.33900451660156,144.9810028076172,145.3470001220703
2024-08-22,145.1179962158203,146.47000122070312,144.947998046875,145.1179962158203
2024-08-23,146.20199584960938,146.47300720214844,144.60499572753906,146.20199584960938
2024-08-26,144.0,144.57899475097656,143.4600067138672,144.0
2024-08-27,144.51600646972656,145.1529998779297,144.1649932861328,144.51600646972656
2024-08-28,143.97500610351562,145.02499389648438,143.91200256347656,143.97500610351562
2024-08-29,144.43299865722656,145.52499389648438,144.2830047607422,144.43299865722656
2024-08-30,144.88999938964844,145.96200561523438,144.70199584960938,144.88999938964844
2024-09-02,146.38099670410156,147.11900329589844,145.79600524902344,146.38099670410156
2024-09-03,146.7220001220703,147.18800354003906,145.16799926757812,146.7220001220703
2024-09-04,145.35299682617188,145.53799438476562,144.02699279785156,145.35299682617188
2024-09-05,143.32400512695312,144.20399475097656,142.85400390625,143.32400512695312
2024-09-06,143.39300537109375,143.84800720214844,141.76499938964844,143.39300537109375
2024-09-09,142.48599243164062,143.78599548339844,142.44500732421875,142.48599243164062
2024-09-10,143.177001953125,143.6750030517578,142.26199340820312,143.177001953125
2024-09-11,142.23399353027344,142.46800231933594,140.71800231933594,142.23399353027344
2024-09-12,142.58999633789062,143.01100158691406,141.91299438476562,142.58999633789062
2024-09-13,141.49899291992188,141.52699279785156,140.36199951171875,141.49899291992188
2024-09-16,140.7899932861328,140.8990020751953,139.5780029296875,140.7899932861328
2024-09-17,140.7899932861328,141.85000610351562,140.322998046875,140.7899932861328
2024-09-18,142.01499938964844,142.05099487304688,141.24400329589844,142.01499938964844
2024-09-19,142.7100067138672,143.93499755859375,142.06500244140625,142.7100067138672
2024-09-20,142.85800170898438,144.4759979248047,141.76300048828125,142.85800170898438
2024-09-23,144.00399780273438,144.43899536132812,143.1959991455078,144.00399780273438
2024-09-24,143.63800048828125,144.6649932861328,143.41200256347656,143.63800048828125
2024-09-25,142.96299743652344,144.58799743652344,142.93600463867188,142.96299743652344
2024-09-26,144.68299865722656,145.18800354003906,144.11700439453125,144.68299865722656
2024-09-27,145.0760040283203,146.46200561523438,142.45399475097656,145.0760040283203
2024-09-30,142.7830047607422,143.3560028076172,141.64700317382812,142.7830047607422
2024-10-01,143.7100067138672,144.49600219726562,143.0229949951172,143.7100067138672
2024-10-02,143.73599243164062,146.2519989013672,143.53199768066406,143.73599243164062
2024-10-03,146.58200073242188,147.2100067138672,146.33299255371094,146.58200073242188
2024-10-04,146.83999633789062,148.73800659179688,145.94200134277344,146.83999633789062
2024-10-07,148.82000732421875,148.78799438476562,147.86300659179688,148.82000732421875
2024-10-08,148.14599609375,148.3509979248047,147.38800048828125,148.14599609375
2024-10-09,148.15899658203125,149.25799560546875,148.02499389648438,148.15899658203125
2024-10-10,149.16000366210938,149.52999877929688,148.41799926757812,149.16000366210938
2024-10-11,148.70399475097656,149.26300048828125,148.3990020751953,148.70399475097656
2024-10-14,149.33399963378906,149.94900512695312,149.14599609375,149.33399963378906
2024-10-15,149.6699981689453,149.74000549316406,148.85299682617188,149.6699981689453
2024-10-16,149.0989990234375,149.73500061035156,148.92999267578125,149.0989990234375
2024-10-17,149.5760040283203,150.13800048828125,149.2570037841797,149.5760040283203
2024-10-18,150.10000610351562,150.13900756835938,149.51499938964844,150.10000610351562
2024-10-21,149.60000610351562,150.48699951171875,149.0959930419922,149.60000610351562
2024-10-22,150.60499572753906,151.12899780273438,150.51800537109375,150.60499572753906
2024-10-23,151.13800048828125,153.1649932861328,151.15199279785156,151.13800048828125
2024-10-24,152.7689971923828,152.76800537109375,151.78399658203125,152.7689971923828
2024-10-25,151.7830047607422,152.13999938964844,151.49400329589844,151.7830047607422
2024-10-28,152.95199584960938,153.8679962158203,152.42100524902344,152.95199584960938
2024-10-29,153.1790008544922,153.83999633789062,152.76800537109375,153.1790008544922
2024-10-30,153.2740020751953,153.4720001220703,152.8000030517578,153.2740020751953
2024-10-31,153.20399475097656,153.55599975585938,151.9219970703125,153.20399475097656
2024-11-01,151.97999572753906,153.0019989013672,151.8350067138672,151.97999572753906
2024-11-04,152.28700256347656,152.28500366210938,151.55099487304688,152.28700256347656
2024-11-05,152.2760009765625,152.531005859375,151.79600524902344,152.2760009765625
2024-11-06,151.43499755859375,154.64999389648438,151.34300231933594,151.43499755859375
2024-11-07,154.32000732421875,154.70199584960938,152.86099243164062,154.32000732421875
2024-11-08,153.17999267578125,153.35299682617188,152.17100524902344,153.17999267578125
2024-11-11,152.9040069580078,153.94400024414062,152.8699951171875,152.9040069580078
2024-11-12,153.47999572753906,154.75999450683594,153.41099548339844,153.47999572753906
2024-11-13,154.65499877929688,155.29200744628906,154.35000610351562,154.65499877929688
2024-11-14,155.4290008544922,156.23800659179688,155.42599487304688,155.4290008544922
2024-11-15,156.46800231933594,156.74600219726562,154.52999877929688,156.46800231933594
2024-11-18,154.66400146484375,155.33999633789062,153.86399841308594,154.66400146484375
2024-11-19,154.61700439453125,154.64500427246094,153.39700317382812,154.61700439453125
2024-11-20,154.71800231933594,155.8719940185547,154.61199951171875,154.71800231933594
2024-11-21,155.2949981689453,155.27000427246094,153.95199584960938,155.2949981689453
2024-11-22,154.21800231933594,154.97900390625,153.97500610351562,154.21800231933594
2024-11-25,154.14599609375,154.6959991455078,153.5500030517578,154.14599609375
2024-11-26,154.3780059814453,154.37399291992188,153.02499389648438,154.3780059814453
2024-11-27,153.00900268554688,153.0070037841797,150.52699279785156,153.00900268554688
2024-11-28,151.33599853515625,151.9409942626953,151.28900146484375,151.33599853515625
2024-11-29,151.1739959716797,151.18499755859375,149.58999633789062,151.1739959716797
2024-12-02,149.8159942626953,150.74000549316406,149.1179962158203,149.8979949951172
2024-12-03,149.50799560546875,150.21499633789062,148.6510009765625,149.50799560546875
2024-12-04,149.64700317382812,151.2169952392578,149.53700256347656,149.64700317382812
2024-12-05,150.56700134277344,150.6840057373047,149.6649932861328,150.56700134277344
2024-12-06,150.20700073242188,150.68299865722656,149.4199981689453,150.20700073242188
2024-12-09,149.93099975585938,151.24899291992188,149.69700622558594,150.02999877929688
2024-12-10,151.4080047607422,152.16700744628906,150.91099548339844,151.4080047607422
2024-12-11,151.8070068359375,152.77000427246094,151.197998046875,151.8070068359375
2024-12-12,152.2449951171875,152.76800537109375,151.83599853515625,152.2449951171875
2024-12-13,152.58700561523438,153.77099609375,152.60000610351562,152.58700561523438
2024-12-16,153.4530029296875,154.4739990234375,153.3260040283203,153.4530029296875
2024-12-17,154.08599853515625,154.3280029296875,153.39999389648438,154.08599853515625
2024-12-18,153.57200622558594,154.072998046875,153.33799743652344,153.57200622558594
2024-12-19,154.67300415039062,157.79100036621094,154.46299743652344,154.67300415039062
2024-12-20,157.6439971923828,157.8730010986328,156.10299682617188,157.6439971923828
2024-12-23,156.5330047607422,157.25999450683594,156.33599853515625,156.5330047607422
2024-12-24,157.1649932861328,157.3769989013672,156.89999389648438,157.1649932861328
2024-12-25,157.10699462890625,157.86099243164062,146.20199584960938,157.10699462890625
2024-12-26,157.13299560546875,158.0749969482422,157.0800018310547,157.13299560546875
2024-12-27,157.7480010986328,157.9149932861328,157.3520050048828,157.7480010986328
2024-12-30,157.8730010986328,158.0590057373047,156.66799926757812,157.8730010986328
2024-12-31,156.9949951171875,157.41000366210938,156.04299926757812,156.9949951171875
2025-01-02,157.718994140625,157.76499938964844,156.44900512695312,157.718994140625
2025-01-03,157.36199951171875,157.4810028076172,157.0279998779297,157.36199951171875
2025-01-06,157.4810028076172,157.9499969482422,156.2740020751953,157.4810028076172
2025-01-07,157.7429962158203,158.42100524902344,157.38999938964844,157.7429962158203
2025-01-08,158.23599243164062,158.54299926757812,157.90199279785156,158.23599243164062
2025-01-09,158.19200134277344,158.3040008544922,157.58099365234375,158.19200134277344
2025-01-10,158.04800415039062,158.85699462890625,157.22500610351562,158.04800415039062
2025-01-13,157.88699340820312,157.9550018310547,156.90899658203125,157.88699340820312
2025-01-14,157.36399841308594,158.1219940185547,157.1490020751953,157.36399841308594
2025-01-15,158.0500030517578,158.08200073242188,155.968994140625,158.0500030517578
2025-01-16,156.2550048828125,156.50399780273438,155.11900329589844,156.2550048828125
2025-01-17,155.3560028076172,156.36500549316406,154.98300170898438,155.3560028076172
2025-01-20,156.30599975585938,156.45700073242188,155.42300415039062,156.30599975585938
2025-01-21,155.24899291992188,156.16099548339844,154.79800415039062,155.24899291992188
2025-01-22,155.7740020751953,156.63499450683594,155.38499450683594,155.7740020751953
2025-01-23,156.44000244140625,156.7469940185547,155.87399291992188,156.44000244140625
2025-01-24,156.15499877929688,156.5679931640625,154.86199951171875,156.15499877929688
2025-01-27,155.74400329589844,156.2259979248047,153.72500610351562,155.74400329589844
2025-01-28,154.90899658203125,155.9709930419922,154.8070068359375,154.90899658203125
2025-01-29,155.5590057373047,155.77699279785156,154.97300720214844,155.5590057373047
2025-01-30,155.1699981689453,155.17599487304688,153.802001953125,155.1699981689453
2025-01-31,154.0970001220703,154.99400329589844,153.9320068359375,154.0970001220703
2025-02-03,155.36300659179688,155.86399841308594,154.0189971923828,155.36300659179688
2025-02-04,155.27699279785156,155.49099731445312,154.4739990234375,155.27699279785156
2025-02-05,154.13299560546875,154.3489990234375,152.11700439453125,154.13299560546875
2025-02-06,152.6060028076172,152.86099243164062,151.6840057373047,152.6060028076172
2025-02-07,151.1929931640625,152.27699279785156,150.94400024414062,151.1929931640625
2025-02-10,151.8459930419922,152.52499389648438,151.57899475097656,151.8459930419922
2025-02-11,151.75900268554688,152.57899475097656,151.68699645996094,151.75900268554688
2025-02-12,152.73899841308594,154.79200744628906,152.73899841308594,152.73899841308594
2025-02-13,154.2550048828125,154.64700317382812,152.9320068359375,154.2550048828125
2025-02-14,152.98899841308594,153.07899475097656,152.0290069580078,152.98899841308594
2025-02-17,152.0229949951172,152.09500122070312,151.33799743652344,152.0229949951172
2025-02-18,151.44400024414062,152.20700073242188,151.43600463867188,151.44400024414062
2025-02-19,151.93099975585938,152.29800415039062,151.2550048828125,151.93099975585938
2025-02-20,151.22000122070312,151.20899963378906,149.49200439453125,151.22000122070312
2025-02-21,149.4080047607422,150.73500061035156,149.41099548339844,149.4080047607422
2025-02-24,149.38699340820312,149.86000061035156,148.843994140625,149.38699340820312
2025-02-25,149.86399841308594,150.28700256347656,148.5959930419922,149.86399841308594
2025-02-26,149.0780029296875,149.88499450683594,148.6580047607422,149.0780029296875
2025-02-27,148.83799743652344,150.14700317382812,148.802001953125,148.83799743652344
2025-02-28,150.01199340820312,150.96499633789062,149.10699462890625,150.01199340820312
2025-03-03,150.77099609375,151.2989959716797,149.94900512695312,150.77099609375
2025-03-04,149.30499267578125,149.5570068359375,148.10299682617188,149.30499267578125
2025-03-05,149.7989959716797,150.1790008544922,148.4199981689453,149.7989959716797
2025-03-06,148.8979949951172,149.31399536132812,147.3280029296875,148.8979949951172
2025-03-07,148.10800170898438,148.13699340820312,146.99000549316406,148.10800170898438
2025-03-10,147.60800170898438,147.7830047607422,146.63800048828125,147.60800170898438
2025-03-11,147.06900024414062,148.11399841308594,146.5469970703125,147.06900024414062
2025-03-12,148.04200744628906,149.18600463867188,147.84800720214844,148.04200744628906
2025-03-13,148.2790069580078,148.36000061035156,147.58799743652344,148.2790069580078
2025-03-14,147.94900512695312,148.99600219726562,147.85000610351562,147.94900512695312
2025-03-17,148.59800720214844,149.0800018310547,148.28799438476562,148.59800720214844
2025-03-18,149.37899780273438,149.93299865722656,149.25900268554688,149.37899780273438
2025-03-19,149.45199584960938,150.14199829101562,149.15499877929688,149.45199584960938
2025-03-20,148.49000549316406,148.94200134277344,148.17999267578125,148.49000549316406
2025-03-21,148.5959930419922,149.6510009765625,148.5970001220703,148.5959930419922
2025-03-24,149.677001953125,150.7429962158203,149.47000122070312,149.677001953125
2025-03-25,150.7740020751953,150.93499755859375,149.552001953125,150.7740020751953
2025-03-26,149.9499969482422,150.74200439453125,149.8509979248047,149.9499969482422
2025-03-27,150.47300720214844,151.08299255371094,150.06500244140625,150.47300720214844
2025-03-28,150.8470001220703,151.1999969482422,149.92300415039062,150.8470001220703
2025-03-31,149.61700439453125,149.9530029296875,148.7100067138672,149.61700439453125
2025-04-01,149.91299438476562,149.97999572753906,148.9770050048828,149.91299438476562
2025-04-02,149.7830047607422,150.0760040283203,149.11099243164062,149.7830047607422
2025-04-03,147.8719940185547,148.3179931640625,145.33900451660156,147.8719940185547
2025-04-04,146.2310028076172,146.5,144.6020050048828,146.2310028076172
2025-04-07,145.43299865722656,147.96200561523438,145.09500122070312,145.43299865722656
2025-04-08,147.78900146484375,147.93499755859375,146.6820068359375,147.78900146484375
2025-04-09,145.84500122070312,145.88499450683594,144.0449981689453,145.84500122070312
2025-04-10,147.3990020751953,147.43499755859375,144.06700134277344,147.3990020751953
2025-04-11,143.7469940185547,144.11000061035156,142.1009979248047,143.7469940185547
2025-04-14,143.6959991455078,144.0469970703125,142.26499938964844,143.6959991455078
2025-04-15,143.2209930419922,143.57899475097656,142.61199951171875,143.2209930419922
2025-04-16,143.18099975585938,143.1580047607422,142.0709991455078,143.18099975585938
2025-04-17,141.92799377441406,143.02000427246094,141.9149932861328,141.92799377441406
2025-04-22,140.87600708007812,141.13999938964844,139.89199829101562,140.87600708007812
2025-04-23,142.68800354003906,142.7519989013672,141.531005859375,142.68800354003906
2025-04-24,143.22300720214844,143.33299255371094,142.30799865722656,143.22300720214844
2025-04-25,142.87899780273438,144.0229949951172,142.843994140625,142.87899780273438
2025-04-28,143.84100341796875,143.86399841308594,142.64500427246094,143.84100341796875
2025-04-29,142.17799377441406,142.7570037841797,142.02200317382812,142.17799377441406
2025-04-30,142.2989959716797,143.14300537109375,142.17100524902344,142.2989959716797
2025-05-01,143.00900268554688,145.63400268554688,142.88999938964844,143.00900268554688
2025-05-02,145.447998046875,145.906005859375,143.73800659179688,145.447998046875
2025-05-05,144.62399291992188,144.77699279785156,143.54400634765625,144.62399291992188
2025-05-06,143.6540069580078,144.25,142.36300659179688,143.6540069580078
2025-05-07,143.03500366210938,143.50799560546875,142.76800537109375,143.03500366210938
2025-05-08,143.84800720214844,145.5540008544922,143.46800231933594,143.84800720214844
2025-05-09,146.01499938964844,146.16600036621094,144.8489990234375,146.01499938964844
2025-05-12,145.81199645996094,148.58200073242188,145.71800231933594,145.81199645996094
2025-05-13,148.30999755859375,148.2449951171875,147.656005859375,148.30999755859375
2025-05-14,147.5279998779297,147.64599609375,145.62899780273438,147.5279998779297
2025-05-15,146.64999389648438,146.7209930419922,145.41600036621094,146.64999389648438
2025-05-16,145.61300659179688,146.0570068359375,144.9320068359375,145.61300659179688
2025-05-19,145.29800415039062,145.33900451660156,144.6580047607422,145.29800415039062
2025-05-20,144.97500610351562,145.44900512695312,144.0970001220703,144.97500610351562
2025-05-21,144.3280029296875,144.3470001220703,143.45899963378906,144.3280029296875
2025-05-22,143.7550048828125,144.0449981689453,142.8280029296875,143.7550048828125
2025-05-23,143.85800170898438,144.00999450683594,142.468994140625,143.85800170898438
2025-05-26,142.86700439453125,143.0330047607422,142.23399353027344,142.86700439453125
2025-05-27,142.65499877929688,144.44900512695312,142.13099670410156,142.65499877929688
2025-05-28,144.177001953125,145.06399536132812,143.86900329589844,144.177001953125
2025-05-29,145.69700622558594,146.25100708007812,144.06700134277344,145.69700622558594
2025-05-30,143.7790069580078,144.4010009765625,143.44400024414062,143.7790069580078
2025-06-02,143.81500244140625,143.7969970703125,142.54600524902344,143.81500244140625
2025-06-03,142.45199584960938,143.97300720214844,142.42300415039062,142.45199584960938
2025-06-04,143.83700561523438,144.3489990234375,142.9029998779297,143.83700561523438
2025-06-05,142.73199462890625,143.947998046875,142.58700561523438,142.73199462890625
2025-06-06,143.54200744628906,145.0749969482422,143.5449981689453,143.54200744628906
2025-06-09,144.6909942626953,144.9409942626953,143.98399353027344,144.6909942626953
2025-06-10,144.5399932861328,145.28799438476562,144.41000366210938,144.5399932861328
2025-06-11,144.83799743652344,145.41299438476562,144.3769989013672,144.83799743652344
2025-06-12,144.2030029296875,144.3249969482422,143.20599365234375,144.2030029296875
2025-06-13,143.19400024414062,144.46400451660156,142.81700134277344,143.19400024414062
2025-06-16,144.09100341796875,144.5709991455078,143.66000366210938,144.09100341796875
2025-06-17,144.72900390625,145.26300048828125,144.41400146484375,144.72900390625
2025-06-18,145.37600708007812,145.43800354003906,144.5500030517578,145.37600708007812
2025-06-19,144.9550018310547,145.76499938964844,144.7480010986328,144.9550018310547
2025-06-20,145.21800231933594,145.9530029296875,145.14700317382812,145.21800231933594
2025-06-23,146.2239990234375,148.0019989013672,146.14100646972656,146.2239990234375
2025-06-24,145.92799377441406,145.8990020751953,144.5260009765625,145.92799377441406
2025-06-25,144.95700073242188,145.94900512695312,144.6280059814453,144.95700073242188
2025-06-26,144.9040069580078,144.93499755859375,143.77099609375,144.9040069580078
2025-06-27,144.69400024414062,144.93099975585938,144.1959991455078,144.69400024414062
2025-06-30,144.51699829101562,144.7259979248047,143.79800415039062,144.51699829101562
2025-07-01,143.8000030517578,143.9239959716797,142.69500732421875,143.8000030517578
2025-07-02,143.40199279785156,144.2209930419922,143.375,143.40199279785156
2025-07-03,143.5260009765625,145.21600341796875,143.4550018310547,143.5260009765625
2025-07-04,144.6820068359375,144.77999877929688,144.1929931640625,144.6820068359375
2025-07-07,144.4980010986328,145.88800048828125,144.23399353027344,144.4980010986328
2025-07-08,145.89199829101562,146.96400451660156,145.85000610351562,145.89199829101562
2025-07-09,146.8489990234375,147.1719970703125,146.27099609375,146.8489990234375
2025-07-10,146.11399841308594,146.76300048828125,145.76499938964844,146.11399841308594
2025-07-11,146.28799438476562,147.49200439453125,146.26199340820312,146.28799438476562
2025-07-14,147.2949981689453,147.70799255371094,146.88099670410156,147.2949981689453
2025-07-15,147.79200744628906,149.01300048828125,147.552001953125,147.79200744628906
2025-07-16,148.76100158691406,149.16700744628906,146.9669952392578,148.76100158691406
2025-07-17,148.0030059814453,149.01400756835938,148.00599670410156,148.0030059814453
2025-07-18,148.44200134277344,148.88299560546875,148.21400451660156,148.44200134277344
2025-07-21,148.43099975585938,148.55099487304688,147.2570037841797,148.43099975585938
2025-07-22,147.40899658203125,147.92999267578125,146.34500122070312,147.40899658203125
2025-07-23,146.78500366210938,147.18499755859375,146.13600158691406,146.78500366210938
2025-07-24,146.3489990234375,146.94500732421875,145.8560028076172,146.3489990234375
2025-07-25,147.0050048828125,147.92300415039062,146.86399841308594,147.0050048828125
2025-07-28,147.81300354003906,148.48399353027344,147.52499389648438,147.81300354003906
2025-07-29,148.47900390625,148.7989959716797,148.1699981689453,148.47900390625
2025-07-30,148.44200134277344,149.0959930419922,147.81100463867188,148.44200134277344
2025-07-31,149.2259979248047,150.62600708007812,148.6009979248047,149.2259979248047
2025-08-01,150.77200317382812,150.9149932861328,147.68099975585938,150.77200317382812
2025-08-04,147.34300231933594,148.06700134277344,146.8780059814453,147.34300231933594
2025-08-05,146.79299926757812,147.82699584960938,146.61700439453125,146.79299926757812
2025-08-06,147.55999755859375,147.87399291992188,147.22900390625,147.55999755859375
2025-08-07,147.1929931640625,147.69400024414062,146.6999969482422,147.1929931640625
2025-08-08,146.83700561523438,147.8800048828125,146.77000427246094,146.83700561523438
2025-08-11,147.66400146484375,148.0989990234375,147.35299682617188,147.66400146484375
2025-08-12,148.125,148.5050048828125,147.6060028076172,148.125
2025-08-13,147.75799560546875,148.16099548339844,147.10400390625,147.75799560546875
2025-08-14,147.1199951171875,147.79800415039062,146.2220001220703,147.1199951171875
2025-08-15,147.6909942626953,147.71299743652344,146.75599670410156,147.6909942626953
2025-08-18,147.26400756835938,147.9810028076172,147.1269989013672,147.26400756835938
2025-08-19,147.91600036621094,148.09300231933594,147.54600524902344,147.91600036621094
2025-08-20,147.7310028076172,147.80999755859375,146.88499450683594,147.7310028076172
2025-08-21,147.3179931640625,148.36900329589844,147.26199340820312,147.3179931640625
2025-08-22,148.38600158691406,148.76600646972656,146.58799743652344,148.38600158691406
2025-08-25,147.21499633789062,147.66700744628906,147.0989990234375,147.21499633789062
2025-08-26,147.82200622558594,147.89500427246094,147.00399780273438,147.82200622558594
2025-08-27,147.46200561523438,148.16600036621094,147.40199279785156,147.46200561523438
2025-08-28,147.3159942626953,147.46600341796875,146.8070068359375,147.3159942626953
2025-08-29,146.7899932861328,147.38900756835938,146.77000427246094,146.7899932861328
2025-09-01,147.0970001220703,147.37100219726562,146.78900146484375,147.0970001220703
2025-09-02,147.08399963378906,148.93299865722656,147.09300231933594,147.08399963378906
2025-09-03,148.54800415039062,149.11599731445312,147.9530029296875,148.54800415039062
2025-09-04,147.97999572753906,148.77000427246094,147.83900451660156,147.97999572753906
2025-09-05,148.375,148.42799377441406,146.82400512695312,148.375
2025-09-08,148.343994140625,148.54600524902344,147.4709930419922,148.343994140625
2025-09-09,147.36399841308594,147.4149932861328,146.32699584960938,147.36399841308594
2025-09-10,147.39199829101562,147.5959930419922,147.1280059814453,147.39199829101562
2025-09-11,147.33200073242188,147.98199462890625,147.00599670410156,147.33200073242188
2025-09-12,147.2239990234375,148.052001953125,147.16799926757812,147.2239990234375
2025-09-15,147.66600036621094,147.68099975585938,147.23699951171875,147.66600036621094
2025-09-16,147.40499877929688,147.53700256347656,146.5070037841797,147.40499877929688
2025-09-17,146.41299438476562,146.68099975585938,146.2169952392578,146.41299438476562
2025-09-18,146.89100646972656,148.2570037841797,146.86500549316406,146.89100646972656
2025-09-19,147.94700622558594,148.2480010986328,147.2100067138672,147.94700622558594
2025-09-22,148.09500122070312,148.3699951171875,147.73699951171875,148.09500122070312
2025-09-23,147.72500610351562,147.9199981689453,147.50999450683594,147.72500610351562
2025-09-24,147.61300659179688,148.7689971923828,147.51400756835938,147.61300659179688
2025-09-25,148.75100708007812,149.822998046875,148.56199645996094,148.75100708007812
2025-09-26,149.86099243164062,149.93499755859375,149.4250030517578,149.86099243164062
2025-09-29,149.40499877929688,149.4040069580078,148.46800231933594,149.40499877929688
2025-09-30,148.59500122070312,148.81100463867188,147.65899658203125,148.59500122070312
2025-10-01,147.9969940185547,148.22000122070312,146.60899353027344,147.9969940185547
2025-10-02,147.08299255371094,147.50900268554688,146.60899353027344,147.08299255371094
2025-10-03,147.14999389648438,147.81100463867188,147.17100524902344,147.14999389648438
2025-10-06,149.6060028076172,150.4669952392578,149.4810028076172,149.6060028076172
2025-10-07,150.33099365234375,151.1999969482422,150.2480010986328,150.33099365234375
2025-10-08,152.05099487304688,152.99099731445312,152.0970001220703,152.05099487304688
2025-10-09,152.67999267578125,153.21200561523438,152.19200134277344,152.67999267578125
2025-10-10,152.96499633789062,153.14999389648438,151.5260009765625,152.96499633789062
2025-10-13,152.05599975585938,152.4409942626953,151.73500061035156,152.05599975585938
2025-10-14,152.4340057373047,152.59300231933594,151.65699768066406,152.4340057373047
2025-10-15,151.7310028076172,151.82200622558594,150.91400146484375,151.7310028076172
2025-10-16,150.9739990234375,151.39199829101562,150.52200317382812,150.9739990234375
2025-10-17,150.1199951171875,150.5850067138672,149.40699768066406,150.1199951171875
2025-10-20,150.89999389648438,151.19900512695312,150.28599548339844,150.89999389648438
2025-10-21,150.7740020751953,152.16000366210938,150.49200439453125,150.7740020751953
2025-10-22,151.89300537109375,152.02699279785156,151.5070037841797,151.89300537109375
2025-10-23,151.95399475097656,152.78599548339844,151.97500610351562,151.95399475097656
2025-10-24,152.6020050048828,153.05599975585938,152.3470001220703,152.6020050048828
2025-10-27,153.06100463867188,153.2429962158203,152.57699584960938,153.06100463867188
2025-10-28,152.69200134277344,152.72900390625,151.75599670410156,152.69200134277344
2025-10-29,151.7310028076172,152.51400756835938,151.5489959716797,151.7310028076172
2025-10-30,152.7220001220703,154.4409942626953,152.18499755859375,152.7220001220703
2025-10-31,153.89999389648438,154.37600708007812,153.656005859375,153.89999389648438
2025-11-03,154.19500732421875,154.28399658203125,153.94700622558594,154.19500732421875
2025-11-04,154.20399475097656,154.46200561523438,153.32200622558594,154.20399475097656
2025-11-05,153.5570068359375,154.3520050048828,152.9810028076172,153.5570068359375
2025-11-06,154.072998046875,154.1320037841797,152.9770050048828,154.072998046875
2025-11-07,152.947998046875,153.51699829101562,152.85299682617188,152.947998046875
2025-11-10,153.5449981689453,154.23500061035156,153.5449981689453,153.81700134277344
2025-11-11,154.16400146484375,154.46499633789062,153.6699981689453,154.14599609375
2025-11-12,154.05299377441406,155.0189971923828,154.05299377441406,154.0749969482422
2025-11-13,154.7030029296875,154.98500061035156,154.1479949951172,154.71299743652344
2025-11-14,154.62899780273438,154.7469940185547,153.64999389648438,154.63299560546875
2025-11-17,154.6179962158203,155.2949981689453,154.41400146484375,154.5850067138672
2025-11-18,155.25,155.4949951171875,154.8350067138672,155.2729949951172
2025-11-19,155.5240020751953,156.69900512695312,155.22000122070312,155.54800415039062
2025-11-20,156.99200439453125,157.88699340820312,156.87899780273438,156.99200439453125
2025-11-21,157.38299560546875,157.52699279785156,156.22500610351562,157.36900329589844
2025-11-24,156.66200256347656,157.1699981689453,156.49899291992188,156.68800354003906
2025-11-25,156.8780059814453,156.97000122070312,155.91400146484375,156.93899536132812
2025-11-26,156.16900634765625,156.7220001220703,155.67100524902344,156.22999572753906
2025-11-27,156.21200561523438,156.4010009765625,155.7220001220703,156.23899841308594
2025-11-28,156.28700256347656,156.57400512695312,155.97799682617188,156.28399658203125
2025-12-01,155.88699340820312,155.91099548339844,154.68600463867188,155.92799377441406
2025-12-02,155.5469970703125,156.17100524902344,155.45899963378906,155.5570068359375
2025-12-03,155.74899291992188,155.7949981689453,155.00999450683594,155.8070068359375
2025-12-04,155.0970001220703,155.52999877929688,154.5189971923828,155.10699462890625
2025-12-05,155.1020050048828,155.48199462890625,154.3520050048828,155.14199829101562
2025-12-08,155.30299377441406,155.97500610351562,154.9029998779297,155.33999633789062
2025-12-09,155.83900451660156,156.9149932861328,155.75,155.843994140625
2025-12-10,156.79800415039062,156.91799926757812,156.322998046875,156.83799743652344
2025-12-11,155.74400329589844,156.1439971923828,154.94500732421875,155.7899932861328
2025-12-12,155.4770050048828,156.1219940185547,155.46099853515625,155.56700134277344
2025-12-15,155.85899353027344,155.96800231933594,154.85000610351562,155.88800048828125
2025-12-16,155.0240020751953,155.11099243164062,154.47000122070312,155.01499938964844
2025-12-17,154.76800537109375,155.6269989013672,154.51400756835938,154.7779998779297
2025-12-18,155.47999572753906,155.96499633789062,155.28900146484375,155.4949951171875
2025-12-19,155.5679931640625,157.48699951171875,155.5679931640625,155.58599853515625
2025-12-22,157.60899353027344,157.6490020751953,156.86500549316406,157.67599487304688
2025-12-23,156.91099548339844,156.91099548339844,155.66400146484375,156.8769989013672
2025-12-24,156.1649932861328,156.2519989013672,155.57200622558594,156.17599487304688
2025-12-26,156.1699981689453,156.63800048828125,155.9949951171875,156.08999633789062
2025-12-29,156.27499389648438,156.5,155.92799377441406,156.46299743652344
2025-12-30,155.9320068359375,156.54800415039062,155.74200439453125,156.01300048828125
2025-12-31,156.36700439453125,156.98899841308594,156.33099365234375,156.41299438476562
2026-01-02,156.73699951171875,156.99200439453125,156.50999450683594,156.7310028076172
2026-01-05,156.96600341796875,157.29200744628906,156.31500244140625,156.98899841308594
2026-01-06,156.58599853515625,156.7830047607422,156.15899658203125,156.62600708007812
2026-01-07,156.65699768066406,156.79400634765625,156.2989959716797,156.67999267578125
2026-01-08,156.6929931640625,157.05999755859375,156.4669952392578,156.7310028076172
2026-01-09,156.89599609375,158.16099548339844,156.88499450683594,156.8800048828125
2026-01-12,158.1230010986328,158.18800354003906,157.52099609375,158.1490020751953
2026-01-13,157.99600219726562,159.18699645996094,157.96499633789062,157.98599243164062
2026-01-14,159.1790008544922,159.43800354003906,158.11000061035156,159.1790008544922
2026-01-15,158.43600463867188,158.875,158.22300720214844,158.40199279785156
2026-01-16,158.57200622558594,158.67599487304688,157.8209991455078,158.5959930419922
2026-01-19,157.56700134277344,158.1479949951172,157.4250030517578,157.53500366210938
2026-01-20,158.17999267578125,158.5919952392578,157.5659942626953,158.177001953125
2026-01-21,158.156005859375,158.2969970703125,157.75,158.16200256347656
2026-01-22,158.45700073242188,158.875,158.2030029296875,158.45599365234375
2026-01-23,158.48800659179688,159.20700073242188,157.39199829101562,158.50100708007812
2026-01-26,155.18699645996094,155.3260040283203,153.35299682617188,155.16600036621094
2026-01-27,154.3489990234375,154.86900329589844,152.89100646972656,154.33599853515625
2026-01-28,152.5189971923828,153.76600646972656,152.3300018310547,152.4530029296875
2026-01-29,153.12399291992188,153.50599670410156,152.75900268554688,153.0959930419922
2026-01-30,153.14700317382812,154.74600219726562,153.0850067138672,153.16200256347656
2026-02-02,155.13499450683594,155.68499755859375,154.56900024414062,155.20199584960938
2026-02-03,155.5030059814453,156.07000732421875,155.31199645996094,155.4429931640625
2026-02-04,155.81500244140625,156.84500122070312,155.81500244140625,155.7989959716797
2026-02-05,156.9040069580078,157.3280029296875,156.56300354003906,156.91700744628906
2026-02-06,156.77099609375,157.13099670410156,156.53900146484375,156.78399658203125
2026-02-09,157.2550048828125,157.2550048828125,155.53199768066406,157.24400329589844
2026-02-10,156.1219940185547,156.28500366210938,154.07400512695312,156.1320037841797
2026-02-11,154.5019989013672,154.54600524902344,152.82400512695312,154.48199462890625
2026-02-12,153.23899841308594,153.73800659179688,152.2779998779297,153.2689971923828
2026-02-13,152.7570037841797,153.65499877929688,152.7449951171875,152.8209991455078
2026-02-16,152.78799438476562,153.61900329589844,152.77000427246094,152.7790069580078
2026-02-17,153.5500030517578,153.88699340820312,152.7010040283203,153.60899353027344
2026-02-18,153.11599731445312,154.47900390625,153.06300354003906,153.1490020751953
2026-02-19,154.6840057373047,155.31199645996094,154.53799438476562,154.6929931640625
2026-02-20,155.1739959716797,155.625,154.718994140625,155.16000366210938
2026-02-23,154.3560028076172,155.02200317382812,153.9949951171875,154.33900451660156
2026-02-24,154.63699340820312,156.24200439453125,154.61900329589844,154.63499450683594
2026-02-25,155.91200256347656,156.80799865722656,155.35699462890625,155.8800048828125
2026-02-26,156.14300537109375,156.26100158691406,155.74600219726562,156.1999969482422
2026-02-27,155.87100219726562,156.2169952392578,155.54100036621094,155.85899353027344
2026-03-02,156.60800170898438,157.74400329589844,156.1479949951172,156.63299560546875
2026-03-03,157.27200317382812,157.96600341796875,157.1529998779297,157.2570037841797
2026-03-04,157.781005859375,157.84500122070312,156.88299560546875,157.7729949951172
2026-03-05,156.9709930419922,157.76800537109375,156.4739990234375,156.98300170898438
2026-03-06,157.52200317382812,158.07400512695312,157.41200256347656,157.53399658203125
2026-03-09,158.38400268554688,158.8939971923828,158.0030059814453,158.427001953125
2026-03-10,157.8560028076172,157.95899963378906,157.27699279785156,157.84800720214844
2026-03-11,158.0679931640625,158.83900451660156,157.8699951171875,158.11399841308594
2026-03-12,159.09300231933594,159.28399658203125,158.572998046875,159.0749969482422
2026-03-13,159.2100067138672,159.63099670410156,159.00399780273438,159.20599365234375
2026-03-16,159.51199340820312,159.62100219726562,158.85400390625,159.5679931640625
2026-03-17,159.13900756835938,159.48699951171875,158.72500610351562,159.10499572753906
2026-03-18,158.88999938964844,159.5659942626953,158.56700134277344,158.88900756835938
2026-03-19,159.8159942626953,159.8159942626953,158.07400512695312,159.7949981689453
2026-03-20,157.9149932861328,159.2570037841797,157.73699951171875,157.9239959716797
2026-03-23,159.13999938964844,159.64999389648438,158.22500610351562,159.23399353027344
2026-03-24,158.49000549316406,158.93699645996094,158.40899658203125,158.47900390625
2026-03-25,158.7100067138672,159.22500610351562,158.57699584960938,158.71800231933594
2026-03-26,159.4010009765625,159.68899536132812,159.28700256347656,159.38400268554688
2026-03-27,159.71499633789062,160.1580047607422,159.45599365234375,159.70399475097656
2026-03-30,160.2310028076172,160.2310028076172,159.3209991455078,160.23399353027344
2026-03-31,159.75399780273438,159.95899963378906,158.89199829101562,159.84100341796875
2026-04-01,158.5679931640625,158.99000549316406,158.2790069580078,158.57899475097656
2026-04-02,158.69900512695312,159.74200439453125,158.6009979248047,158.68800354003906
2026-04-03,159.45599365234375,159.69500732421875,159.427001953125,159.49099731445312
2026-04-06,159.75,159.79299926757812,159.31700134277344,159.77999877929688
2026-04-07,159.70599365234375,160.01499938964844,159.47300720214844,159.68299865722656
2026-04-08,158.6479949951172,158.7469940185547,157.89300537109375,158.71600341796875
2026-04-09,158.63400268554688,159.27999877929688,158.63400268554688,158.64199829101562
2026-04-10,159.08900451660156,159.36399841308594,159.00900268554688,159.11199951171875
2026-04-13,159.69700622558594,159.85000610351562,159.51699829101562,159.67999267578125
2026-04-14,159.26199340820312,159.32400512695312,158.60299682617188,159.21400451660156
2026-04-15,158.76300048828125,159.1529998779297,158.65199279785156,158.79200744628906
2026-04-16,158.7830047607422,159.28700256347656,158.2779998779297,158.8090057373047
2026-04-17,159.2239990234375,159.51499938964844,157.61199951171875,159.19500732421875
2026-04-20,159.1529998779297,159.177001953125,158.55099487304688,159.16099548339844
2026-04-21,158.85400390625,159.43099975585938,158.80299377441406,158.843994140625
2026-04-22,159.33799743652344,159.50399780273438,159.10400390625,159.3730010986328
2026-04-23,159.49400329589844,159.7760009765625,159.29800415039062,159.48800659179688
2026-04-24,159.74200439453125,159.83700561523438,159.33599853515625,159.7469940185547
2026-04-27,159.5749969482422,159.5749969482422,159.08999633789062,159.5760040283203
2026-04-28,159.35899353027344,159.78399658203125,158.97000122070312,159.35699462890625
2026-04-29,159.5449981689453,160.28799438476562,159.52099609375,159.552001953125
2026-04-30,160.1929931640625,160.70199584960938,155.55099487304688,160.1840057373047
2026-05-01,156.99400329589844,157.3090057373047,155.51600646972656,156.97799682617188
2026-05-04,156.89999389648438,157.27699279785156,155.81500244140625,156.8459930419922
2026-05-05,157.2050018310547,157.8350067138672,157.12100219726562,157.19400024414062
2026-05-06,157.6649932861328,157.88900756835938,155.0469970703125,157.677001953125
2026-05-07,156.51100158691406,156.51100158691406,156.03599548339844,156.50799560546875
2026-05-08,156.83799743652344,156.97300720214844,156.4459991455078,156.82899475097656
2026-05-11,156.88900756835938,157.16900634765625,156.85499572753906,156.85800170898438
2026-05-12,157.27000427246094,157.74600219726562,156.8090057373047,157.2310028076172
2026-05-13,157.6750030517578,157.89100646972656,157.57899475097656,157.67100524902344
2026-05-14,157.8470001220703,158.18299865722656,157.60899353027344,157.8509979248047
2026-05-15,158.39300537109375,158.73800659179688,158.30499267578125,158.3820037841797
2026-05-18,158.86900329589844,159.0590057373047,158.63999938964844,158.843994140625
2026-05-19,158.875,159.24200439453125,158.7779998779297,158.86099243164062
2026-05-20,159.05299377441406,159.16600036621094,158.593994140625,159.03500366210938
2026-05-21,158.88800048828125,159.3179931640625,158.8179931640625,158.88800048828125
2026-05-22,159.04800415039062,159.22500610351562,159.0,159.01800537109375
2026-05-25,158.94200134277344,159.03700256347656,158.75900268554688,158.9459991455078
2026-05-26,158.947998046875,159.3719940185547,158.90699768066406,158.95399475097656
2026-05-27,159.2239990234375,159.51800537109375,159.1739959716797,159.2429962158203
2026-05-28,159.57400512695312,159.64300537109375,159.16600036621094,159.5679931640625
2026-05-29,159.26100158691406,159.37600708007812,159.0989990234375,159.27000427246094
2026-06-01,159.38299560546875,159.74899291992188,159.3679962158203,159.35299682617188
2026-06-02,159.63999938964844,159.89500427246094,159.63600158691406,159.63600158691406
2026-06-03,159.97500610351562,159.99400329589844,159.51199340820312,159.96800231933594
2026-06-04,159.9459991455078,160.02099609375,159.75,159.94000244140625
2026-06-05,159.99000549316406,160.2899932861328,159.82400512695312,159.99000549316406
2026-06-08,160.3280029296875,160.38800048828125,159.906005859375,160.32699584960938
2026-06-09,160.1820068359375,160.2989959716797,160.05499267578125,160.1739959716797
2026-06-10,160.3820037841797,160.52099609375,160.25100708007812,160.38400268554688
2026-06-11,160.50799560546875,160.58599853515625,160.427001953125,160.52699279785156
2026-06-12,160.16799926757812,160.36900329589844,159.97300720214844,160.1300048828125
2026-06-15,159.91600036621094,160.2220001220703,159.88699340820312,159.9550018310547
2026-06-16,160.24000549316406,160.45799255371094,160.05799865722656,160.22900390625
2026-06-17,160.41400146484375,160.4219970703125,160.1179962158203,160.41900634765625
2026-06-18,160.5500030517578,161.36599731445312,160.53900146484375,160.60000610351562
2026-06-19,161.2480010986328,161.44900512695312,161.00599670410156,161.28900146484375
2026-06-22,161.43299865722656,161.91400146484375,161.10299682617188,161.43299865722656
2026-06-23,161.5469970703125,161.73300170898438,161.30999755859375,161.57000732421875
2026-06-24,161.55799865722656,161.802001953125,161.531005859375,161.5989990234375
2026-06-25,161.73300170898438,161.93499755859375,161.58700561523438,161.76300048828125
2026-06-26,161.7899932861328,161.84300231933594,161.53500366210938,161.80499267578125
2026-06-29,161.76300048828125,161.9550018310547,161.718994140625,161.78700256347656
2026-06-30,161.9199981689453,162.6510009765625,161.9199981689453,161.92300415039062
2026-07-01,162.66000366210938,162.83599853515625,162.29400634765625,162.6280059814453
2026-07-02,162.54200744628906,162.58399963378906,160.68800354003906,162.53900146484375
2026-07-03,161.4040069580078,161.49400329589844,160.6199951171875,161.44900512695312
2026-07-06,161.48699951171875,162.4239959716797,161.46499633789062,161.45199584960938
2026-07-07,162.09500122070312,162.17300415039062,161.68800354003906,162.08799743652344
2026-07-08,162.36199951171875,162.697998046875,162.0800018310547,162.36300659179688
2026-07-09,162.50999450683594,162.56500244140625,162.2469940185547,162.53900146484375
2026-07-10,162.3350067138672,162.41900634765625,161.29200744628906,162.36300659179688
2026-07-13,161.88600158691406,162.39300537109375,161.88600158691406,161.8780059814453
2026-07-14,162.41299438476562,162.46600341796875,161.69500732421875,162.4290008544922
2026-07-15,162.18699645996094,162.4149932861328,161.9669952392578,162.18699645996094
2026-07-16,162.08399963378906,162.468994140625,161.97999572753906,162.07200622558594
2026-07-17,162.38099670410156,162.4669952392578,162.14700317382812,162.37600708007812
2026-07-20,162.52499389648438,162.58299255371094,162.27099609375,162.51199340820312
2026-07-21,162.47999572753906,163.031005859375,162.44000244140625,162.48699951171875
2026-07-22,163.16799926757812,163.197998046875,162.85000610351562,163.18600463867188
2026-07-23,163.0679931640625,163.97900390625,162.99400329589844,163.08099365234375
2026-07-24,163.87600708007812,163.93099975585938,163.64500427246094,163.83200073242188
2026-07-27,163.58799743652344,163.76100158691406,163.3260040283203,163.61099243164062
2026-07-28,163.79200744628906,163.94200134277344,163.6439971923828,163.77099609375
2026-07-29,163.85800170898438,163.88299560546875,163.29299926757812,163.86399841308594
2026-07-30,163.2530059814453,163.73300170898438,157.99400329589844,163.3000030517578
2026-07-31,160.1790008544922,160.83599853515625,158.66799926757812,160.18299865722656
2026-08-03,157.697998046875,157.86900329589844,155.25599670410156,157.58200073242188
2026-08-04,157.53900146484375,157.95199584960938,157.2310028076172,157.5290069580078
2026-08-05,157.73500061035156,157.86300659179688,157.302001953125,157.69200134277344
2026-08-06,157.66400146484375,158.47999572753906,157.5989990234375,157.60000610351562
2026-08-07,158.447998046875,158.56100463867188,156.83099365234375,158.40899658203125
2026-08-10,157.89999389648438,159.04600524902344,157.8489990234375,157.89100646972656
2026-08-11,159.1540069580078,159.38299560546875,159.00399780273438,159.156005859375
2026-08-12,159.28199768066406,159.45599365234375,158.718994140625,159.26499938964844
2026-08-13,159.3179931640625,159.4759979248047,159.02699279785156,159.3280029296875
2026-08-14,159.427001953125,159.4949951171875,158.63699340820312,159.42599487304688
2026-08-17,159.22500610351562,159.40199279785156,158.8560028076172,159.22300720214844
2026-08-18,159.32899475097656,159.77699279785156,159.32000732421875,159.33999633789062
2026-08-19,159.5290069580078,159.5290069580078,158.052001953125,159.5500030517578
2026-08-20,158.2550048828125,158.95799255371094,158.17599487304688,158.2760009765625
2026-08-21,158.906005859375,159.125,158.38099670410156,158.88299560546875
2026-08-24,158.86500549316406,159.2790069580078,158.71499633789062,158.9040069580078
2026-08-25,159.07699584960938,159.22300720214844,159.0030059814453,159.19000244140625
